"...1","Maximum value","Latitude","Longitude","M","Z","Singular_mean","Overall_mean","Singular_max","Overall_max","Area"
1916,63.2999992370605,-12.77,-39.42,61,265,55.6147539107526,54.0805138418455,129,160,"Center and South America"
1917,53.7999992370605,-12.77,-39.42,61,265,55.6147539107526,54.0805138418455,129,160,"Center and South America"
1918,71.5999984741211,-12.77,-39.42,61,265,55.6147539107526,54.0805138418455,129,160,"Center and South America"
1919,40.7000007629395,-12.77,-39.42,61,265,55.6147539107526,54.0805138418455,129,160,"Center and South America"
1920,49.7999992370605,-12.77,-39.42,61,265,55.6147539107526,54.0805138418455,129,160,"Center and South America"
1921,67.4000015258789,-12.77,-39.42,61,265,55.6147539107526,54.0805138418455,129,160,"Center and South America"
1922,120.900001525879,-12.77,-39.42,61,265,55.6147539107526,54.0805138418455,129,160,"Center and South America"
1923,41.7000007629395,-12.77,-39.42,61,265,55.6147539107526,54.0805138418455,129,160,"Center and South America"
1924,61.7000007629395,-12.77,-39.42,61,265,55.6147539107526,54.0805138418455,129,160,"Center and South America"
1925,44.5,-12.77,-39.42,61,265,55.6147539107526,54.0805138418455,129,160,"Center and South America"
1926,46.5,-12.77,-39.42,61,265,55.6147539107526,54.0805138418455,129,160,"Center and South America"
1930,64.1999969482422,-12.77,-39.42,61,265,55.6147539107526,54.0805138418455,129,160,"Center and South America"
1931,33.0999984741211,-12.77,-39.42,61,265,55.6147539107526,54.0805138418455,129,160,"Center and South America"
1932,53.7000007629395,-12.77,-39.42,61,265,55.6147539107526,54.0805138418455,129,160,"Center and South America"
1933,63.2999992370605,-12.77,-39.42,61,265,55.6147539107526,54.0805138418455,129,160,"Center and South America"
1934,121,-12.77,-39.42,61,265,55.6147539107526,54.0805138418455,129,160,"Center and South America"
1935,44.2000007629395,-12.77,-39.42,61,265,55.6147539107526,54.0805138418455,129,160,"Center and South America"
1936,45.2999992370605,-12.77,-39.42,61,265,55.6147539107526,54.0805138418455,129,160,"Center and South America"
1937,31.8999996185303,-12.77,-39.42,61,265,55.6147539107526,54.0805138418455,129,160,"Center and South America"
1938,61.9000015258789,-12.77,-39.42,61,265,55.6147539107526,54.0805138418455,129,160,"Center and South America"
1939,74.5,-12.77,-39.42,61,265,55.6147539107526,54.0805138418455,129,160,"Center and South America"
1940,59.7000007629395,-12.77,-39.42,61,265,55.6147539107526,54.0805138418455,129,160,"Center and South America"
1941,66.4000015258789,-12.77,-39.42,61,265,55.6147539107526,54.0805138418455,129,160,"Center and South America"
1942,63.7999992370605,-12.77,-39.42,61,265,55.6147539107526,54.0805138418455,129,160,"Center and South America"
1943,42.2000007629395,-12.77,-39.42,61,265,55.6147539107526,54.0805138418455,129,160,"Center and South America"
1944,64.4000015258789,-12.77,-39.42,61,265,55.6147539107526,54.0805138418455,129,160,"Center and South America"
1945,62.4000015258789,-12.77,-39.42,61,265,55.6147539107526,54.0805138418455,129,160,"Center and South America"
1946,55.4000015258789,-12.77,-39.42,61,265,55.6147539107526,54.0805138418455,129,160,"Center and South America"
1947,63.5,-12.77,-39.42,61,265,55.6147539107526,54.0805138418455,129,160,"Center and South America"
1948,58.2000007629395,-12.77,-39.42,61,265,55.6147539107526,54.0805138418455,129,160,"Center and South America"
1949,32.7999992370605,-12.77,-39.42,61,265,55.6147539107526,54.0805138418455,129,160,"Center and South America"
1950,54.5999984741211,-12.77,-39.42,61,265,55.6147539107526,54.0805138418455,129,160,"Center and South America"
1951,29.6000003814697,-12.77,-39.42,61,265,55.6147539107526,54.0805138418455,129,160,"Center and South America"
1952,26.3999996185303,-12.77,-39.42,61,265,55.6147539107526,54.0805138418455,129,160,"Center and South America"
1953,35.7999992370605,-12.77,-39.42,61,265,55.6147539107526,54.0805138418455,129,160,"Center and South America"
1954,42.0999984741211,-12.77,-39.42,61,265,55.6147539107526,54.0805138418455,129,160,"Center and South America"
1955,30.1000003814697,-12.77,-39.42,61,265,55.6147539107526,54.0805138418455,129,160,"Center and South America"
1956,37.2000007629395,-12.77,-39.42,61,265,55.6147539107526,54.0805138418455,129,160,"Center and South America"
1957,30.2000007629395,-12.77,-39.42,61,265,55.6147539107526,54.0805138418455,129,160,"Center and South America"
1958,29.2999992370605,-12.77,-39.42,61,265,55.6147539107526,54.0805138418455,129,160,"Center and South America"
1959,87.1999969482422,-12.77,-39.42,61,265,55.6147539107526,54.0805138418455,129,160,"Center and South America"
1960,63.4000015258789,-12.77,-39.42,61,265,55.6147539107526,54.0805138418455,129,160,"Center and South America"
1961,70.1999969482422,-12.77,-39.42,61,265,55.6147539107526,54.0805138418455,129,160,"Center and South America"
1962,56.4000015258789,-12.77,-39.42,61,265,55.6147539107526,54.0805138418455,129,160,"Center and South America"
1963,63.2999992370605,-12.77,-39.42,61,265,55.6147539107526,54.0805138418455,129,160,"Center and South America"
1964,85.1999969482422,-12.77,-39.42,61,265,55.6147539107526,54.0805138418455,129,160,"Center and South America"
1965,86.0999984741211,-12.77,-39.42,61,265,55.6147539107526,54.0805138418455,129,160,"Center and South America"
1966,30.2000007629395,-12.77,-39.42,61,265,55.6147539107526,54.0805138418455,129,160,"Center and South America"
1967,75.1999969482422,-12.77,-39.42,61,265,55.6147539107526,54.0805138418455,129,160,"Center and South America"
1968,56.4000015258789,-12.77,-39.42,61,265,55.6147539107526,54.0805138418455,129,160,"Center and South America"
1969,40.2999992370605,-12.77,-39.42,61,265,55.6147539107526,54.0805138418455,129,160,"Center and South America"
1970,80.4000015258789,-12.77,-39.42,61,265,55.6147539107526,54.0805138418455,129,160,"Center and South America"
1971,64.1999969482422,-12.77,-39.42,61,265,55.6147539107526,54.0805138418455,129,160,"Center and South America"
1972,129,-12.77,-39.42,61,265,55.6147539107526,54.0805138418455,129,160,"Center and South America"
1974,74.5,-12.77,-39.42,61,265,55.6147539107526,54.0805138418455,129,160,"Center and South America"
1975,42.5999984741211,-12.77,-39.42,61,265,55.6147539107526,54.0805138418455,129,160,"Center and South America"
1976,18.1000003814697,-12.77,-39.42,61,265,55.6147539107526,54.0805138418455,129,160,"Center and South America"
1978,80,-12.77,-39.42,61,265,55.6147539107526,54.0805138418455,129,160,"Center and South America"
1979,18.2999992370605,-12.77,-39.42,61,265,55.6147539107526,54.0805138418455,129,160,"Center and South America"
1980,16.2999992370605,-12.77,-39.42,61,265,55.6147539107526,54.0805138418455,129,160,"Center and South America"
1982,16.1000003814697,-12.77,-39.42,61,265,55.6147539107526,54.0805138418455,129,160,"Center and South America"
1933,60,-4.3,-38.5,56,42,67.5910708904266,54.0805138418455,138.899993896484,160,"Center and South America"
1935,74.5,-4.3,-38.5,56,42,67.5910708904266,54.0805138418455,138.899993896484,160,"Center and South America"
1936,48.5,-4.3,-38.5,56,42,67.5910708904266,54.0805138418455,138.899993896484,160,"Center and South America"
1937,82.5,-4.3,-38.5,56,42,67.5910708904266,54.0805138418455,138.899993896484,160,"Center and South America"
1938,77.6999969482422,-4.3,-38.5,56,42,67.5910708904266,54.0805138418455,138.899993896484,160,"Center and South America"
1940,90.5999984741211,-4.3,-38.5,56,42,67.5910708904266,54.0805138418455,138.899993896484,160,"Center and South America"
1941,42.7000007629395,-4.3,-38.5,56,42,67.5910708904266,54.0805138418455,138.899993896484,160,"Center and South America"
1942,44.7999992370605,-4.3,-38.5,56,42,67.5910708904266,54.0805138418455,138.899993896484,160,"Center and South America"
1943,84,-4.3,-38.5,56,42,67.5910708904266,54.0805138418455,138.899993896484,160,"Center and South America"
1944,52,-4.3,-38.5,56,42,67.5910708904266,54.0805138418455,138.899993896484,160,"Center and South America"
1945,41.9000015258789,-4.3,-38.5,56,42,67.5910708904266,54.0805138418455,138.899993896484,160,"Center and South America"
1946,56,-4.3,-38.5,56,42,67.5910708904266,54.0805138418455,138.899993896484,160,"Center and South America"
1948,68.5999984741211,-4.3,-38.5,56,42,67.5910708904266,54.0805138418455,138.899993896484,160,"Center and South America"
1949,97.0999984741211,-4.3,-38.5,56,42,67.5910708904266,54.0805138418455,138.899993896484,160,"Center and South America"
1950,71.1999969482422,-4.3,-38.5,56,42,67.5910708904266,54.0805138418455,138.899993896484,160,"Center and South America"
1951,43.5,-4.3,-38.5,56,42,67.5910708904266,54.0805138418455,138.899993896484,160,"Center and South America"
1952,85.5,-4.3,-38.5,56,42,67.5910708904266,54.0805138418455,138.899993896484,160,"Center and South America"
1953,28.8999996185303,-4.3,-38.5,56,42,67.5910708904266,54.0805138418455,138.899993896484,160,"Center and South America"
1954,52.5,-4.3,-38.5,56,42,67.5910708904266,54.0805138418455,138.899993896484,160,"Center and South America"
1955,57.7999992370605,-4.3,-38.5,56,42,67.5910708904266,54.0805138418455,138.899993896484,160,"Center and South America"
1956,37.5,-4.3,-38.5,56,42,67.5910708904266,54.0805138418455,138.899993896484,160,"Center and South America"
1957,66.4000015258789,-4.3,-38.5,56,42,67.5910708904266,54.0805138418455,138.899993896484,160,"Center and South America"
1959,120.099998474121,-4.3,-38.5,56,42,67.5910708904266,54.0805138418455,138.899993896484,160,"Center and South America"
1960,79.3000030517578,-4.3,-38.5,56,42,67.5910708904266,54.0805138418455,138.899993896484,160,"Center and South America"
1961,80.0999984741211,-4.3,-38.5,56,42,67.5910708904266,54.0805138418455,138.899993896484,160,"Center and South America"
1962,61.5,-4.3,-38.5,56,42,67.5910708904266,54.0805138418455,138.899993896484,160,"Center and South America"
1963,89.0999984741211,-4.3,-38.5,56,42,67.5910708904266,54.0805138418455,138.899993896484,160,"Center and South America"
1964,80.1999969482422,-4.3,-38.5,56,42,67.5910708904266,54.0805138418455,138.899993896484,160,"Center and South America"
1965,40.2000007629395,-4.3,-38.5,56,42,67.5910708904266,54.0805138418455,138.899993896484,160,"Center and South America"
1966,50.4000015258789,-4.3,-38.5,56,42,67.5910708904266,54.0805138418455,138.899993896484,160,"Center and South America"
1967,72.5,-4.3,-38.5,56,42,67.5910708904266,54.0805138418455,138.899993896484,160,"Center and South America"
1968,45.2000007629395,-4.3,-38.5,56,42,67.5910708904266,54.0805138418455,138.899993896484,160,"Center and South America"
1969,89.1999969482422,-4.3,-38.5,56,42,67.5910708904266,54.0805138418455,138.899993896484,160,"Center and South America"
1970,25.1000003814697,-4.3,-38.5,56,42,67.5910708904266,54.0805138418455,138.899993896484,160,"Center and South America"
1971,51.9000015258789,-4.3,-38.5,56,42,67.5910708904266,54.0805138418455,138.899993896484,160,"Center and South America"
1973,55.7999992370605,-4.3,-38.5,56,42,67.5910708904266,54.0805138418455,138.899993896484,160,"Center and South America"
1975,45.5,-4.3,-38.5,56,42,67.5910708904266,54.0805138418455,138.899993896484,160,"Center and South America"
1979,30.3999996185303,-4.3,-38.5,56,42,67.5910708904266,54.0805138418455,138.899993896484,160,"Center and South America"
1980,102.300003051758,-4.3,-38.5,56,42,67.5910708904266,54.0805138418455,138.899993896484,160,"Center and South America"
1981,102.199996948242,-4.3,-38.5,56,42,67.5910708904266,54.0805138418455,138.899993896484,160,"Center and South America"
1982,30.5,-4.3,-38.5,56,42,67.5910708904266,54.0805138418455,138.899993896484,160,"Center and South America"
1983,102.300003051758,-4.3,-38.5,56,42,67.5910708904266,54.0805138418455,138.899993896484,160,"Center and South America"
1984,126.199996948242,-4.3,-38.5,56,42,67.5910708904266,54.0805138418455,138.899993896484,160,"Center and South America"
1985,70.1999969482422,-4.3,-38.5,56,42,67.5910708904266,54.0805138418455,138.899993896484,160,"Center and South America"
1986,104.199996948242,-4.3,-38.5,56,42,67.5910708904266,54.0805138418455,138.899993896484,160,"Center and South America"
1987,46.2999992370605,-4.3,-38.5,56,42,67.5910708904266,54.0805138418455,138.899993896484,160,"Center and South America"
1988,72,-4.3,-38.5,56,42,67.5910708904266,54.0805138418455,138.899993896484,160,"Center and South America"
1991,69.6999969482422,-4.3,-38.5,56,42,67.5910708904266,54.0805138418455,138.899993896484,160,"Center and South America"
1992,60.2999992370605,-4.3,-38.5,56,42,67.5910708904266,54.0805138418455,138.899993896484,160,"Center and South America"
1993,75.4000015258789,-4.3,-38.5,56,42,67.5910708904266,54.0805138418455,138.899993896484,160,"Center and South America"
1994,66.0999984741211,-4.3,-38.5,56,42,67.5910708904266,54.0805138418455,138.899993896484,160,"Center and South America"
1995,63.5,-4.3,-38.5,56,42,67.5910708904266,54.0805138418455,138.899993896484,160,"Center and South America"
1996,79,-4.3,-38.5,56,42,67.5910708904266,54.0805138418455,138.899993896484,160,"Center and South America"
1997,54.7000007629395,-4.3,-38.5,56,42,67.5910708904266,54.0805138418455,138.899993896484,160,"Center and South America"
1998,40.5999984741211,-4.3,-38.5,56,42,67.5910708904266,54.0805138418455,138.899993896484,160,"Center and South America"
2000,138.899993896484,-4.3,-38.5,56,42,67.5910708904266,54.0805138418455,138.899993896484,160,"Center and South America"
1932,57.5,-4.5,-38.36,64,50,65.1750000119209,54.0805138418455,137.399993896484,160,"Center and South America"
1933,49,-4.5,-38.36,64,50,65.1750000119209,54.0805138418455,137.399993896484,160,"Center and South America"
1934,75.6999969482422,-4.5,-38.36,64,50,65.1750000119209,54.0805138418455,137.399993896484,160,"Center and South America"
1935,58,-4.5,-38.36,64,50,65.1750000119209,54.0805138418455,137.399993896484,160,"Center and South America"
1936,35.7999992370605,-4.5,-38.36,64,50,65.1750000119209,54.0805138418455,137.399993896484,160,"Center and South America"
1937,38.7000007629395,-4.5,-38.36,64,50,65.1750000119209,54.0805138418455,137.399993896484,160,"Center and South America"
1938,53.5,-4.5,-38.36,64,50,65.1750000119209,54.0805138418455,137.399993896484,160,"Center and South America"
1939,65.6999969482422,-4.5,-38.36,64,50,65.1750000119209,54.0805138418455,137.399993896484,160,"Center and South America"
1940,60.2000007629395,-4.5,-38.36,64,50,65.1750000119209,54.0805138418455,137.399993896484,160,"Center and South America"
1941,41.2000007629395,-4.5,-38.36,64,50,65.1750000119209,54.0805138418455,137.399993896484,160,"Center and South America"
1942,26.7000007629395,-4.5,-38.36,64,50,65.1750000119209,54.0805138418455,137.399993896484,160,"Center and South America"
1943,71.3000030517578,-4.5,-38.36,64,50,65.1750000119209,54.0805138418455,137.399993896484,160,"Center and South America"
1944,45.2000007629395,-4.5,-38.36,64,50,65.1750000119209,54.0805138418455,137.399993896484,160,"Center and South America"
1945,76,-4.5,-38.36,64,50,65.1750000119209,54.0805138418455,137.399993896484,160,"Center and South America"
1946,63,-4.5,-38.36,64,50,65.1750000119209,54.0805138418455,137.399993896484,160,"Center and South America"
1947,120,-4.5,-38.36,64,50,65.1750000119209,54.0805138418455,137.399993896484,160,"Center and South America"
1948,58.2000007629395,-4.5,-38.36,64,50,65.1750000119209,54.0805138418455,137.399993896484,160,"Center and South America"
1949,79.0999984741211,-4.5,-38.36,64,50,65.1750000119209,54.0805138418455,137.399993896484,160,"Center and South America"
1950,59.5999984741211,-4.5,-38.36,64,50,65.1750000119209,54.0805138418455,137.399993896484,160,"Center and South America"
1951,45.5,-4.5,-38.36,64,50,65.1750000119209,54.0805138418455,137.399993896484,160,"Center and South America"
1952,66.5,-4.5,-38.36,64,50,65.1750000119209,54.0805138418455,137.399993896484,160,"Center and South America"
1953,21,-4.5,-38.36,64,50,65.1750000119209,54.0805138418455,137.399993896484,160,"Center and South America"
1954,47.4000015258789,-4.5,-38.36,64,50,65.1750000119209,54.0805138418455,137.399993896484,160,"Center and South America"
1955,100.800003051758,-4.5,-38.36,64,50,65.1750000119209,54.0805138418455,137.399993896484,160,"Center and South America"
1956,87.9000015258789,-4.5,-38.36,64,50,65.1750000119209,54.0805138418455,137.399993896484,160,"Center and South America"
1957,63.2999992370605,-4.5,-38.36,64,50,65.1750000119209,54.0805138418455,137.399993896484,160,"Center and South America"
1958,23,-4.5,-38.36,64,50,65.1750000119209,54.0805138418455,137.399993896484,160,"Center and South America"
1959,64.5999984741211,-4.5,-38.36,64,50,65.1750000119209,54.0805138418455,137.399993896484,160,"Center and South America"
1960,95.5,-4.5,-38.36,64,50,65.1750000119209,54.0805138418455,137.399993896484,160,"Center and South America"
1961,66.4000015258789,-4.5,-38.36,64,50,65.1750000119209,54.0805138418455,137.399993896484,160,"Center and South America"
1962,81.0999984741211,-4.5,-38.36,64,50,65.1750000119209,54.0805138418455,137.399993896484,160,"Center and South America"
1963,72.4000015258789,-4.5,-38.36,64,50,65.1750000119209,54.0805138418455,137.399993896484,160,"Center and South America"
1964,78.1999969482422,-4.5,-38.36,64,50,65.1750000119209,54.0805138418455,137.399993896484,160,"Center and South America"
1965,35.2000007629395,-4.5,-38.36,64,50,65.1750000119209,54.0805138418455,137.399993896484,160,"Center and South America"
1966,52,-4.5,-38.36,64,50,65.1750000119209,54.0805138418455,137.399993896484,160,"Center and South America"
1967,70.4000015258789,-4.5,-38.36,64,50,65.1750000119209,54.0805138418455,137.399993896484,160,"Center and South America"
1968,54,-4.5,-38.36,64,50,65.1750000119209,54.0805138418455,137.399993896484,160,"Center and South America"
1969,65,-4.5,-38.36,64,50,65.1750000119209,54.0805138418455,137.399993896484,160,"Center and South America"
1970,62.2000007629395,-4.5,-38.36,64,50,65.1750000119209,54.0805138418455,137.399993896484,160,"Center and South America"
1971,65,-4.5,-38.36,64,50,65.1750000119209,54.0805138418455,137.399993896484,160,"Center and South America"
1972,55.4000015258789,-4.5,-38.36,64,50,65.1750000119209,54.0805138418455,137.399993896484,160,"Center and South America"
1973,46.2000007629395,-4.5,-38.36,64,50,65.1750000119209,54.0805138418455,137.399993896484,160,"Center and South America"
1974,68.5999984741211,-4.5,-38.36,64,50,65.1750000119209,54.0805138418455,137.399993896484,160,"Center and South America"
1975,56.2999992370605,-4.5,-38.36,64,50,65.1750000119209,54.0805138418455,137.399993896484,160,"Center and South America"
1976,62.4000015258789,-4.5,-38.36,64,50,65.1750000119209,54.0805138418455,137.399993896484,160,"Center and South America"
1977,88,-4.5,-38.36,64,50,65.1750000119209,54.0805138418455,137.399993896484,160,"Center and South America"
1979,51.4000015258789,-4.5,-38.36,64,50,65.1750000119209,54.0805138418455,137.399993896484,160,"Center and South America"
1980,52.4000015258789,-4.5,-38.36,64,50,65.1750000119209,54.0805138418455,137.399993896484,160,"Center and South America"
1981,80.9000015258789,-4.5,-38.36,64,50,65.1750000119209,54.0805138418455,137.399993896484,160,"Center and South America"
1982,61.4000015258789,-4.5,-38.36,64,50,65.1750000119209,54.0805138418455,137.399993896484,160,"Center and South America"
1983,137.399993896484,-4.5,-38.36,64,50,65.1750000119209,54.0805138418455,137.399993896484,160,"Center and South America"
1984,109.900001525879,-4.5,-38.36,64,50,65.1750000119209,54.0805138418455,137.399993896484,160,"Center and South America"
1985,90,-4.5,-38.36,64,50,65.1750000119209,54.0805138418455,137.399993896484,160,"Center and South America"
1986,69.8000030517578,-4.5,-38.36,64,50,65.1750000119209,54.0805138418455,137.399993896484,160,"Center and South America"
1987,36.2000007629395,-4.5,-38.36,64,50,65.1750000119209,54.0805138418455,137.399993896484,160,"Center and South America"
1988,110.199996948242,-4.5,-38.36,64,50,65.1750000119209,54.0805138418455,137.399993896484,160,"Center and South America"
1991,46.0999984741211,-4.5,-38.36,64,50,65.1750000119209,54.0805138418455,137.399993896484,160,"Center and South America"
1992,97,-4.5,-38.36,64,50,65.1750000119209,54.0805138418455,137.399993896484,160,"Center and South America"
1994,81.1999969482422,-4.5,-38.36,64,50,65.1750000119209,54.0805138418455,137.399993896484,160,"Center and South America"
1995,44.2000007629395,-4.5,-38.36,64,50,65.1750000119209,54.0805138418455,137.399993896484,160,"Center and South America"
1996,101.199996948242,-4.5,-38.36,64,50,65.1750000119209,54.0805138418455,137.399993896484,160,"Center and South America"
1997,74.5,-4.5,-38.36,64,50,65.1750000119209,54.0805138418455,137.399993896484,160,"Center and South America"
1998,43.7000007629395,-4.5,-38.36,64,50,65.1750000119209,54.0805138418455,137.399993896484,160,"Center and South America"
2000,55,-4.5,-38.36,64,50,65.1750000119209,54.0805138418455,137.399993896484,160,"Center and South America"
1941,50,-24.6,-48.22,50,40,75.8660001373291,54.0805138418455,141.699996948242,160,"Center and South America"
1942,55.2000007629395,-24.6,-48.22,50,40,75.8660001373291,54.0805138418455,141.699996948242,160,"Center and South America"
1943,69,-24.6,-48.22,50,40,75.8660001373291,54.0805138418455,141.699996948242,160,"Center and South America"
1944,72.6999969482422,-24.6,-48.22,50,40,75.8660001373291,54.0805138418455,141.699996948242,160,"Center and South America"
1945,78.4000015258789,-24.6,-48.22,50,40,75.8660001373291,54.0805138418455,141.699996948242,160,"Center and South America"
1946,77.8000030517578,-24.6,-48.22,50,40,75.8660001373291,54.0805138418455,141.699996948242,160,"Center and South America"
1947,50.2999992370605,-24.6,-48.22,50,40,75.8660001373291,54.0805138418455,141.699996948242,160,"Center and South America"
1948,52.5,-24.6,-48.22,50,40,75.8660001373291,54.0805138418455,141.699996948242,160,"Center and South America"
1954,60.2999992370605,-24.6,-48.22,50,40,75.8660001373291,54.0805138418455,141.699996948242,160,"Center and South America"
1955,76.5,-24.6,-48.22,50,40,75.8660001373291,54.0805138418455,141.699996948242,160,"Center and South America"
1957,94.4000015258789,-24.6,-48.22,50,40,75.8660001373291,54.0805138418455,141.699996948242,160,"Center and South America"
1959,62.2000007629395,-24.6,-48.22,50,40,75.8660001373291,54.0805138418455,141.699996948242,160,"Center and South America"
1960,141.699996948242,-24.6,-48.22,50,40,75.8660001373291,54.0805138418455,141.699996948242,160,"Center and South America"
1961,76,-24.6,-48.22,50,40,75.8660001373291,54.0805138418455,141.699996948242,160,"Center and South America"
1962,61.0999984741211,-24.6,-48.22,50,40,75.8660001373291,54.0805138418455,141.699996948242,160,"Center and South America"
1963,94.1999969482422,-24.6,-48.22,50,40,75.8660001373291,54.0805138418455,141.699996948242,160,"Center and South America"
1964,66.5,-24.6,-48.22,50,40,75.8660001373291,54.0805138418455,141.699996948242,160,"Center and South America"
1965,90,-24.6,-48.22,50,40,75.8660001373291,54.0805138418455,141.699996948242,160,"Center and South America"
1966,62.9000015258789,-24.6,-48.22,50,40,75.8660001373291,54.0805138418455,141.699996948242,160,"Center and South America"
1967,61.5,-24.6,-48.22,50,40,75.8660001373291,54.0805138418455,141.699996948242,160,"Center and South America"
1968,76,-24.6,-48.22,50,40,75.8660001373291,54.0805138418455,141.699996948242,160,"Center and South America"
1969,63.4000015258789,-24.6,-48.22,50,40,75.8660001373291,54.0805138418455,141.699996948242,160,"Center and South America"
1970,64.5,-24.6,-48.22,50,40,75.8660001373291,54.0805138418455,141.699996948242,160,"Center and South America"
1971,61,-24.6,-48.22,50,40,75.8660001373291,54.0805138418455,141.699996948242,160,"Center and South America"
1972,70.8000030517578,-24.6,-48.22,50,40,75.8660001373291,54.0805138418455,141.699996948242,160,"Center and South America"
1973,57.5,-24.6,-48.22,50,40,75.8660001373291,54.0805138418455,141.699996948242,160,"Center and South America"
1974,98.6999969482422,-24.6,-48.22,50,40,75.8660001373291,54.0805138418455,141.699996948242,160,"Center and South America"
1975,71.8000030517578,-24.6,-48.22,50,40,75.8660001373291,54.0805138418455,141.699996948242,160,"Center and South America"
1976,57.5,-24.6,-48.22,50,40,75.8660001373291,54.0805138418455,141.699996948242,160,"Center and South America"
1977,75.3000030517578,-24.6,-48.22,50,40,75.8660001373291,54.0805138418455,141.699996948242,160,"Center and South America"
1978,118.699996948242,-24.6,-48.22,50,40,75.8660001373291,54.0805138418455,141.699996948242,160,"Center and South America"
1979,56.0999984741211,-24.6,-48.22,50,40,75.8660001373291,54.0805138418455,141.699996948242,160,"Center and South America"
1980,61.5,-24.6,-48.22,50,40,75.8660001373291,54.0805138418455,141.699996948242,160,"Center and South America"
1981,103.900001525879,-24.6,-48.22,50,40,75.8660001373291,54.0805138418455,141.699996948242,160,"Center and South America"
1982,73.1999969482422,-24.6,-48.22,50,40,75.8660001373291,54.0805138418455,141.699996948242,160,"Center and South America"
1983,66.4000015258789,-24.6,-48.22,50,40,75.8660001373291,54.0805138418455,141.699996948242,160,"Center and South America"
1984,60.7000007629395,-24.6,-48.22,50,40,75.8660001373291,54.0805138418455,141.699996948242,160,"Center and South America"
1985,56.4000015258789,-24.6,-48.22,50,40,75.8660001373291,54.0805138418455,141.699996948242,160,"Center and South America"
1986,78.4000015258789,-24.6,-48.22,50,40,75.8660001373291,54.0805138418455,141.699996948242,160,"Center and South America"
1987,110.300003051758,-24.6,-48.22,50,40,75.8660001373291,54.0805138418455,141.699996948242,160,"Center and South America"
1988,78.0999984741211,-24.6,-48.22,50,40,75.8660001373291,54.0805138418455,141.699996948242,160,"Center and South America"
1989,103.699996948242,-24.6,-48.22,50,40,75.8660001373291,54.0805138418455,141.699996948242,160,"Center and South America"
1990,76.3000030517578,-24.6,-48.22,50,40,75.8660001373291,54.0805138418455,141.699996948242,160,"Center and South America"
1991,60.4000015258789,-24.6,-48.22,50,40,75.8660001373291,54.0805138418455,141.699996948242,160,"Center and South America"
1992,65.3000030517578,-24.6,-48.22,50,40,75.8660001373291,54.0805138418455,141.699996948242,160,"Center and South America"
1993,110.300003051758,-24.6,-48.22,50,40,75.8660001373291,54.0805138418455,141.699996948242,160,"Center and South America"
1994,70,-24.6,-48.22,50,40,75.8660001373291,54.0805138418455,141.699996948242,160,"Center and South America"
1995,138.399993896484,-24.6,-48.22,50,40,75.8660001373291,54.0805138418455,141.699996948242,160,"Center and South America"
1996,64.8000030517578,-24.6,-48.22,50,40,75.8660001373291,54.0805138418455,141.699996948242,160,"Center and South America"
1997,90.6999969482422,-24.6,-48.22,50,40,75.8660001373291,54.0805138418455,141.699996948242,160,"Center and South America"
1943,41.5999984741211,30.367,-107.95,59,1487,38.201694714821,54.0805138418455,85.1999969482422,160,"Center and South America"
1944,35.0999984741211,30.367,-107.95,59,1487,38.201694714821,54.0805138418455,85.1999969482422,160,"Center and South America"
1945,35,30.367,-107.95,59,1487,38.201694714821,54.0805138418455,85.1999969482422,160,"Center and South America"
1946,29.5,30.367,-107.95,59,1487,38.201694714821,54.0805138418455,85.1999969482422,160,"Center and South America"
1947,23.6000003814697,30.367,-107.95,59,1487,38.201694714821,54.0805138418455,85.1999969482422,160,"Center and South America"
1948,19.2000007629395,30.367,-107.95,59,1487,38.201694714821,54.0805138418455,85.1999969482422,160,"Center and South America"
1949,38.7000007629395,30.367,-107.95,59,1487,38.201694714821,54.0805138418455,85.1999969482422,160,"Center and South America"
1950,33.5999984741211,30.367,-107.95,59,1487,38.201694714821,54.0805138418455,85.1999969482422,160,"Center and South America"
1951,20.2999992370605,30.367,-107.95,59,1487,38.201694714821,54.0805138418455,85.1999969482422,160,"Center and South America"
1952,19.3999996185303,30.367,-107.95,59,1487,38.201694714821,54.0805138418455,85.1999969482422,160,"Center and South America"
1953,23.7999992370605,30.367,-107.95,59,1487,38.201694714821,54.0805138418455,85.1999969482422,160,"Center and South America"
1954,85.1999969482422,30.367,-107.95,59,1487,38.201694714821,54.0805138418455,85.1999969482422,160,"Center and South America"
1956,43.5,30.367,-107.95,59,1487,38.201694714821,54.0805138418455,85.1999969482422,160,"Center and South America"
1957,19.3999996185303,30.367,-107.95,59,1487,38.201694714821,54.0805138418455,85.1999969482422,160,"Center and South America"
1958,34.7999992370605,30.367,-107.95,59,1487,38.201694714821,54.0805138418455,85.1999969482422,160,"Center and South America"
1959,40.2000007629395,30.367,-107.95,59,1487,38.201694714821,54.0805138418455,85.1999969482422,160,"Center and South America"
1960,22,30.367,-107.95,59,1487,38.201694714821,54.0805138418455,85.1999969482422,160,"Center and South America"
1961,23.8999996185303,30.367,-107.95,59,1487,38.201694714821,54.0805138418455,85.1999969482422,160,"Center and South America"
1962,35.4000015258789,30.367,-107.95,59,1487,38.201694714821,54.0805138418455,85.1999969482422,160,"Center and South America"
1963,47.9000015258789,30.367,-107.95,59,1487,38.201694714821,54.0805138418455,85.1999969482422,160,"Center and South America"
1964,35.7999992370605,30.367,-107.95,59,1487,38.201694714821,54.0805138418455,85.1999969482422,160,"Center and South America"
1965,21.5,30.367,-107.95,59,1487,38.201694714821,54.0805138418455,85.1999969482422,160,"Center and South America"
1966,58,30.367,-107.95,59,1487,38.201694714821,54.0805138418455,85.1999969482422,160,"Center and South America"
1967,63.2999992370605,30.367,-107.95,59,1487,38.201694714821,54.0805138418455,85.1999969482422,160,"Center and South America"
1968,21.2000007629395,30.367,-107.95,59,1487,38.201694714821,54.0805138418455,85.1999969482422,160,"Center and South America"
1969,42.5,30.367,-107.95,59,1487,38.201694714821,54.0805138418455,85.1999969482422,160,"Center and South America"
1970,40.5,30.367,-107.95,59,1487,38.201694714821,54.0805138418455,85.1999969482422,160,"Center and South America"
1971,33,30.367,-107.95,59,1487,38.201694714821,54.0805138418455,85.1999969482422,160,"Center and South America"
1972,34.2999992370605,30.367,-107.95,59,1487,38.201694714821,54.0805138418455,85.1999969482422,160,"Center and South America"
1973,23,30.367,-107.95,59,1487,38.201694714821,54.0805138418455,85.1999969482422,160,"Center and South America"
1974,42.5,30.367,-107.95,59,1487,38.201694714821,54.0805138418455,85.1999969482422,160,"Center and South America"
1975,26.7999992370605,30.367,-107.95,59,1487,38.201694714821,54.0805138418455,85.1999969482422,160,"Center and South America"
1976,80.0999984741211,30.367,-107.95,59,1487,38.201694714821,54.0805138418455,85.1999969482422,160,"Center and South America"
1977,51.5,30.367,-107.95,59,1487,38.201694714821,54.0805138418455,85.1999969482422,160,"Center and South America"
1978,14.5,30.367,-107.95,59,1487,38.201694714821,54.0805138418455,85.1999969482422,160,"Center and South America"
1979,31.7000007629395,30.367,-107.95,59,1487,38.201694714821,54.0805138418455,85.1999969482422,160,"Center and South America"
1980,17.7000007629395,30.367,-107.95,59,1487,38.201694714821,54.0805138418455,85.1999969482422,160,"Center and South America"
1981,54.7999992370605,30.367,-107.95,59,1487,38.201694714821,54.0805138418455,85.1999969482422,160,"Center and South America"
1982,25.6000003814697,30.367,-107.95,59,1487,38.201694714821,54.0805138418455,85.1999969482422,160,"Center and South America"
1983,32.5999984741211,30.367,-107.95,59,1487,38.201694714821,54.0805138418455,85.1999969482422,160,"Center and South America"
1984,33.2000007629395,30.367,-107.95,59,1487,38.201694714821,54.0805138418455,85.1999969482422,160,"Center and South America"
1985,32,30.367,-107.95,59,1487,38.201694714821,54.0805138418455,85.1999969482422,160,"Center and South America"
1986,45.5999984741211,30.367,-107.95,59,1487,38.201694714821,54.0805138418455,85.1999969482422,160,"Center and South America"
1987,62.5999984741211,30.367,-107.95,59,1487,38.201694714821,54.0805138418455,85.1999969482422,160,"Center and South America"
1988,46.4000015258789,30.367,-107.95,59,1487,38.201694714821,54.0805138418455,85.1999969482422,160,"Center and South America"
1990,53.2999992370605,30.367,-107.95,59,1487,38.201694714821,54.0805138418455,85.1999969482422,160,"Center and South America"
1991,40.5999984741211,30.367,-107.95,59,1487,38.201694714821,54.0805138418455,85.1999969482422,160,"Center and South America"
1994,16.3999996185303,30.367,-107.95,59,1487,38.201694714821,54.0805138418455,85.1999969482422,160,"Center and South America"
1995,30.8999996185303,30.367,-107.95,59,1487,38.201694714821,54.0805138418455,85.1999969482422,160,"Center and South America"
1996,31.7000007629395,30.367,-107.95,59,1487,38.201694714821,54.0805138418455,85.1999969482422,160,"Center and South America"
1997,48.2999992370605,30.367,-107.95,59,1487,38.201694714821,54.0805138418455,85.1999969482422,160,"Center and South America"
1998,20,30.367,-107.95,59,1487,38.201694714821,54.0805138418455,85.1999969482422,160,"Center and South America"
2006,38.4000015258789,30.367,-107.95,59,1487,38.201694714821,54.0805138418455,85.1999969482422,160,"Center and South America"
2008,67.0999984741211,30.367,-107.95,59,1487,38.201694714821,54.0805138418455,85.1999969482422,160,"Center and South America"
2013,32.7999992370605,30.367,-107.95,59,1487,38.201694714821,54.0805138418455,85.1999969482422,160,"Center and South America"
2016,74.9000015258789,30.367,-107.95,59,1487,38.201694714821,54.0805138418455,85.1999969482422,160,"Center and South America"
2017,45,30.367,-107.95,59,1487,38.201694714821,54.0805138418455,85.1999969482422,160,"Center and South America"
2018,49,30.367,-107.95,59,1487,38.201694714821,54.0805138418455,85.1999969482422,160,"Center and South America"
2019,62.7000007629395,30.367,-107.95,59,1487,38.201694714821,54.0805138418455,85.1999969482422,160,"Center and South America"
1942,31.5,23.5667,-103.25,65,2070.8,44.5584616440993,54.0805138418455,96.8000030517578,160,"Center and South America"
1943,45,23.5667,-103.25,65,2070.8,44.5584616440993,54.0805138418455,96.8000030517578,160,"Center and South America"
1944,54.9000015258789,23.5667,-103.25,65,2070.8,44.5584616440993,54.0805138418455,96.8000030517578,160,"Center and South America"
1945,35.7999992370605,23.5667,-103.25,65,2070.8,44.5584616440993,54.0805138418455,96.8000030517578,160,"Center and South America"
1946,19.7999992370605,23.5667,-103.25,65,2070.8,44.5584616440993,54.0805138418455,96.8000030517578,160,"Center and South America"
1947,69.9000015258789,23.5667,-103.25,65,2070.8,44.5584616440993,54.0805138418455,96.8000030517578,160,"Center and South America"
1948,19.7999992370605,23.5667,-103.25,65,2070.8,44.5584616440993,54.0805138418455,96.8000030517578,160,"Center and South America"
1949,19.7999992370605,23.5667,-103.25,65,2070.8,44.5584616440993,54.0805138418455,96.8000030517578,160,"Center and South America"
1950,19.7999992370605,23.5667,-103.25,65,2070.8,44.5584616440993,54.0805138418455,96.8000030517578,160,"Center and South America"
1951,74.9000015258789,23.5667,-103.25,65,2070.8,44.5584616440993,54.0805138418455,96.8000030517578,160,"Center and South America"
1952,17.7999992370605,23.5667,-103.25,65,2070.8,44.5584616440993,54.0805138418455,96.8000030517578,160,"Center and South America"
1953,49.7999992370605,23.5667,-103.25,65,2070.8,44.5584616440993,54.0805138418455,96.8000030517578,160,"Center and South America"
1954,47,23.5667,-103.25,65,2070.8,44.5584616440993,54.0805138418455,96.8000030517578,160,"Center and South America"
1955,47,23.5667,-103.25,65,2070.8,44.5584616440993,54.0805138418455,96.8000030517578,160,"Center and South America"
1956,39.9000015258789,23.5667,-103.25,65,2070.8,44.5584616440993,54.0805138418455,96.8000030517578,160,"Center and South America"
1957,55.9000015258789,23.5667,-103.25,65,2070.8,44.5584616440993,54.0805138418455,96.8000030517578,160,"Center and South America"
1958,42.9000015258789,23.5667,-103.25,65,2070.8,44.5584616440993,54.0805138418455,96.8000030517578,160,"Center and South America"
1959,49.7999992370605,23.5667,-103.25,65,2070.8,44.5584616440993,54.0805138418455,96.8000030517578,160,"Center and South America"
1960,96.8000030517578,23.5667,-103.25,65,2070.8,44.5584616440993,54.0805138418455,96.8000030517578,160,"Center and South America"
1961,36.7999992370605,23.5667,-103.25,65,2070.8,44.5584616440993,54.0805138418455,96.8000030517578,160,"Center and South America"
1963,31,23.5667,-103.25,65,2070.8,44.5584616440993,54.0805138418455,96.8000030517578,160,"Center and South America"
1964,34.7999992370605,23.5667,-103.25,65,2070.8,44.5584616440993,54.0805138418455,96.8000030517578,160,"Center and South America"
1965,40.9000015258789,23.5667,-103.25,65,2070.8,44.5584616440993,54.0805138418455,96.8000030517578,160,"Center and South America"
1966,31,23.5667,-103.25,65,2070.8,44.5584616440993,54.0805138418455,96.8000030517578,160,"Center and South America"
1967,56.9000015258789,23.5667,-103.25,65,2070.8,44.5584616440993,54.0805138418455,96.8000030517578,160,"Center and South America"
1969,45,23.5667,-103.25,65,2070.8,44.5584616440993,54.0805138418455,96.8000030517578,160,"Center and South America"
1970,38.9000015258789,23.5667,-103.25,65,2070.8,44.5584616440993,54.0805138418455,96.8000030517578,160,"Center and South America"
1971,79.1999969482422,23.5667,-103.25,65,2070.8,44.5584616440993,54.0805138418455,96.8000030517578,160,"Center and South America"
1972,35.7999992370605,23.5667,-103.25,65,2070.8,44.5584616440993,54.0805138418455,96.8000030517578,160,"Center and South America"
1973,56.9000015258789,23.5667,-103.25,65,2070.8,44.5584616440993,54.0805138418455,96.8000030517578,160,"Center and South America"
1974,31,23.5667,-103.25,65,2070.8,44.5584616440993,54.0805138418455,96.8000030517578,160,"Center and South America"
1975,46,23.5667,-103.25,65,2070.8,44.5584616440993,54.0805138418455,96.8000030517578,160,"Center and South America"
1976,51.7999992370605,23.5667,-103.25,65,2070.8,44.5584616440993,54.0805138418455,96.8000030517578,160,"Center and South America"
1977,35.7999992370605,23.5667,-103.25,65,2070.8,44.5584616440993,54.0805138418455,96.8000030517578,160,"Center and South America"
1978,87.9000015258789,23.5667,-103.25,65,2070.8,44.5584616440993,54.0805138418455,96.8000030517578,160,"Center and South America"
1979,17.7999992370605,23.5667,-103.25,65,2070.8,44.5584616440993,54.0805138418455,96.8000030517578,160,"Center and South America"
1980,31,23.5667,-103.25,65,2070.8,44.5584616440993,54.0805138418455,96.8000030517578,160,"Center and South America"
1981,57.4000015258789,23.5667,-103.25,65,2070.8,44.5584616440993,54.0805138418455,96.8000030517578,160,"Center and South America"
1982,51.7999992370605,23.5667,-103.25,65,2070.8,44.5584616440993,54.0805138418455,96.8000030517578,160,"Center and South America"
1983,37.2999992370605,23.5667,-103.25,65,2070.8,44.5584616440993,54.0805138418455,96.8000030517578,160,"Center and South America"
1984,31.7999992370605,23.5667,-103.25,65,2070.8,44.5584616440993,54.0805138418455,96.8000030517578,160,"Center and South America"
1985,55.9000015258789,23.5667,-103.25,65,2070.8,44.5584616440993,54.0805138418455,96.8000030517578,160,"Center and South America"
1986,38.9000015258789,23.5667,-103.25,65,2070.8,44.5584616440993,54.0805138418455,96.8000030517578,160,"Center and South America"
1987,63.7999992370605,23.5667,-103.25,65,2070.8,44.5584616440993,54.0805138418455,96.8000030517578,160,"Center and South America"
1990,30,23.5667,-103.25,65,2070.8,44.5584616440993,54.0805138418455,96.8000030517578,160,"Center and South America"
1991,39.9000015258789,23.5667,-103.25,65,2070.8,44.5584616440993,54.0805138418455,96.8000030517578,160,"Center and South America"
1992,46,23.5667,-103.25,65,2070.8,44.5584616440993,54.0805138418455,96.8000030517578,160,"Center and South America"
1994,35.2999992370605,23.5667,-103.25,65,2070.8,44.5584616440993,54.0805138418455,96.8000030517578,160,"Center and South America"
1995,34.7999992370605,23.5667,-103.25,65,2070.8,44.5584616440993,54.0805138418455,96.8000030517578,160,"Center and South America"
1996,90.9000015258789,23.5667,-103.25,65,2070.8,44.5584616440993,54.0805138418455,96.8000030517578,160,"Center and South America"
1997,33.7999992370605,23.5667,-103.25,65,2070.8,44.5584616440993,54.0805138418455,96.8000030517578,160,"Center and South America"
1998,62.5,23.5667,-103.25,65,2070.8,44.5584616440993,54.0805138418455,96.8000030517578,160,"Center and South America"
1999,47,23.5667,-103.25,65,2070.8,44.5584616440993,54.0805138418455,96.8000030517578,160,"Center and South America"
2000,45,23.5667,-103.25,65,2070.8,44.5584616440993,54.0805138418455,96.8000030517578,160,"Center and South America"
2001,24.8999996185303,23.5667,-103.25,65,2070.8,44.5584616440993,54.0805138418455,96.8000030517578,160,"Center and South America"
2002,52.7999992370605,23.5667,-103.25,65,2070.8,44.5584616440993,54.0805138418455,96.8000030517578,160,"Center and South America"
2004,45,23.5667,-103.25,65,2070.8,44.5584616440993,54.0805138418455,96.8000030517578,160,"Center and South America"
2005,38.9000015258789,23.5667,-103.25,65,2070.8,44.5584616440993,54.0805138418455,96.8000030517578,160,"Center and South America"
2006,67.0999984741211,23.5667,-103.25,65,2070.8,44.5584616440993,54.0805138418455,96.8000030517578,160,"Center and South America"
2007,79,23.5667,-103.25,65,2070.8,44.5584616440993,54.0805138418455,96.8000030517578,160,"Center and South America"
2008,34.7999992370605,23.5667,-103.25,65,2070.8,44.5584616440993,54.0805138418455,96.8000030517578,160,"Center and South America"
2009,32.2999992370605,23.5667,-103.25,65,2070.8,44.5584616440993,54.0805138418455,96.8000030517578,160,"Center and South America"
2010,40.9000015258789,23.5667,-103.25,65,2070.8,44.5584616440993,54.0805138418455,96.8000030517578,160,"Center and South America"
2011,22.3999996185303,23.5667,-103.25,65,2070.8,44.5584616440993,54.0805138418455,96.8000030517578,160,"Center and South America"
2012,29.5,23.5667,-103.25,65,2070.8,44.5584616440993,54.0805138418455,96.8000030517578,160,"Center and South America"
1948,51.0999984741211,25.367,-101.017,58,1790,41.9741378323785,54.0805138418455,160,160,"Center and South America"
1949,49.5,25.367,-101.017,58,1790,41.9741378323785,54.0805138418455,160,160,"Center and South America"
1950,35,25.367,-101.017,58,1790,41.9741378323785,54.0805138418455,160,160,"Center and South America"
1951,38.5,25.367,-101.017,58,1790,41.9741378323785,54.0805138418455,160,160,"Center and South America"
1952,70,25.367,-101.017,58,1790,41.9741378323785,54.0805138418455,160,160,"Center and South America"
1953,25,25.367,-101.017,58,1790,41.9741378323785,54.0805138418455,160,160,"Center and South America"
1954,24,25.367,-101.017,58,1790,41.9741378323785,54.0805138418455,160,160,"Center and South America"
1955,84,25.367,-101.017,58,1790,41.9741378323785,54.0805138418455,160,160,"Center and South America"
1956,26.1000003814697,25.367,-101.017,58,1790,41.9741378323785,54.0805138418455,160,160,"Center and South America"
1957,19.2999992370605,25.367,-101.017,58,1790,41.9741378323785,54.0805138418455,160,160,"Center and South America"
1958,49,25.367,-101.017,58,1790,41.9741378323785,54.0805138418455,160,160,"Center and South America"
1959,63,25.367,-101.017,58,1790,41.9741378323785,54.0805138418455,160,160,"Center and South America"
1960,34.2000007629395,25.367,-101.017,58,1790,41.9741378323785,54.0805138418455,160,160,"Center and South America"
1961,63,25.367,-101.017,58,1790,41.9741378323785,54.0805138418455,160,160,"Center and South America"
1962,20.5,25.367,-101.017,58,1790,41.9741378323785,54.0805138418455,160,160,"Center and South America"
1963,29.5,25.367,-101.017,58,1790,41.9741378323785,54.0805138418455,160,160,"Center and South America"
1964,63,25.367,-101.017,58,1790,41.9741378323785,54.0805138418455,160,160,"Center and South America"
1965,30,25.367,-101.017,58,1790,41.9741378323785,54.0805138418455,160,160,"Center and South America"
1966,68,25.367,-101.017,58,1790,41.9741378323785,54.0805138418455,160,160,"Center and South America"
1967,64,25.367,-101.017,58,1790,41.9741378323785,54.0805138418455,160,160,"Center and South America"
1968,21,25.367,-101.017,58,1790,41.9741378323785,54.0805138418455,160,160,"Center and South America"
1969,56,25.367,-101.017,58,1790,41.9741378323785,54.0805138418455,160,160,"Center and South America"
1970,21.5,25.367,-101.017,58,1790,41.9741378323785,54.0805138418455,160,160,"Center and South America"
1971,43,25.367,-101.017,58,1790,41.9741378323785,54.0805138418455,160,160,"Center and South America"
1972,27,25.367,-101.017,58,1790,41.9741378323785,54.0805138418455,160,160,"Center and South America"
1973,28.5,25.367,-101.017,58,1790,41.9741378323785,54.0805138418455,160,160,"Center and South America"
1974,46.5,25.367,-101.017,58,1790,41.9741378323785,54.0805138418455,160,160,"Center and South America"
1975,42,25.367,-101.017,58,1790,41.9741378323785,54.0805138418455,160,160,"Center and South America"
1976,42,25.367,-101.017,58,1790,41.9741378323785,54.0805138418455,160,160,"Center and South America"
1977,25,25.367,-101.017,58,1790,41.9741378323785,54.0805138418455,160,160,"Center and South America"
1978,29,25.367,-101.017,58,1790,41.9741378323785,54.0805138418455,160,160,"Center and South America"
1979,25,25.367,-101.017,58,1790,41.9741378323785,54.0805138418455,160,160,"Center and South America"
1980,16.5,25.367,-101.017,58,1790,41.9741378323785,54.0805138418455,160,160,"Center and South America"
1981,40,25.367,-101.017,58,1790,41.9741378323785,54.0805138418455,160,160,"Center and South America"
1982,44.5,25.367,-101.017,58,1790,41.9741378323785,54.0805138418455,160,160,"Center and South America"
1983,46,25.367,-101.017,58,1790,41.9741378323785,54.0805138418455,160,160,"Center and South America"
1985,24,25.367,-101.017,58,1790,41.9741378323785,54.0805138418455,160,160,"Center and South America"
1986,56,25.367,-101.017,58,1790,41.9741378323785,54.0805138418455,160,160,"Center and South America"
1987,35,25.367,-101.017,58,1790,41.9741378323785,54.0805138418455,160,160,"Center and South America"
1988,160,25.367,-101.017,58,1790,41.9741378323785,54.0805138418455,160,160,"Center and South America"
1989,31,25.367,-101.017,58,1790,41.9741378323785,54.0805138418455,160,160,"Center and South America"
1990,21,25.367,-101.017,58,1790,41.9741378323785,54.0805138418455,160,160,"Center and South America"
1991,45,25.367,-101.017,58,1790,41.9741378323785,54.0805138418455,160,160,"Center and South America"
1992,34.5,25.367,-101.017,58,1790,41.9741378323785,54.0805138418455,160,160,"Center and South America"
1993,33.2999992370605,25.367,-101.017,58,1790,41.9741378323785,54.0805138418455,160,160,"Center and South America"
1994,39,25.367,-101.017,58,1790,41.9741378323785,54.0805138418455,160,160,"Center and South America"
1995,26,25.367,-101.017,58,1790,41.9741378323785,54.0805138418455,160,160,"Center and South America"
1996,23,25.367,-101.017,58,1790,41.9741378323785,54.0805138418455,160,160,"Center and South America"
1997,30.2999992370605,25.367,-101.017,58,1790,41.9741378323785,54.0805138418455,160,160,"Center and South America"
1998,32.5,25.367,-101.017,58,1790,41.9741378323785,54.0805138418455,160,160,"Center and South America"
2000,24.3999996185303,25.367,-101.017,58,1790,41.9741378323785,54.0805138418455,160,160,"Center and South America"
2001,16.7999992370605,25.367,-101.017,58,1790,41.9741378323785,54.0805138418455,160,160,"Center and South America"
2005,27.8999996185303,25.367,-101.017,58,1790,41.9741378323785,54.0805138418455,160,160,"Center and South America"
2006,66.5,25.367,-101.017,58,1790,41.9741378323785,54.0805138418455,160,160,"Center and South America"
2007,39.0999984741211,25.367,-101.017,58,1790,41.9741378323785,54.0805138418455,160,160,"Center and South America"
2008,48.2999992370605,25.367,-101.017,58,1790,41.9741378323785,54.0805138418455,160,160,"Center and South America"
2009,53.7999992370605,25.367,-101.017,58,1790,41.9741378323785,54.0805138418455,160,160,"Center and South America"
2011,106.900001525879,25.367,-101.017,58,1790,41.9741378323785,54.0805138418455,160,160,"Center and South America"
1945,30,19.5833,-98.1167,54,2529.8,46.8296297921075,54.0805138418455,106.400001525879,160,"Center and South America"
1946,29.5,19.5833,-98.1167,54,2529.8,46.8296297921075,54.0805138418455,106.400001525879,160,"Center and South America"
1947,55.4000015258789,19.5833,-98.1167,54,2529.8,46.8296297921075,54.0805138418455,106.400001525879,160,"Center and South America"
1948,35.2999992370605,19.5833,-98.1167,54,2529.8,46.8296297921075,54.0805138418455,106.400001525879,160,"Center and South America"
1949,30,19.5833,-98.1167,54,2529.8,46.8296297921075,54.0805138418455,106.400001525879,160,"Center and South America"
1950,34.5,19.5833,-98.1167,54,2529.8,46.8296297921075,54.0805138418455,106.400001525879,160,"Center and South America"
1951,34.2999992370605,19.5833,-98.1167,54,2529.8,46.8296297921075,54.0805138418455,106.400001525879,160,"Center and South America"
1952,37.2999992370605,19.5833,-98.1167,54,2529.8,46.8296297921075,54.0805138418455,106.400001525879,160,"Center and South America"
1953,51.7999992370605,19.5833,-98.1167,54,2529.8,46.8296297921075,54.0805138418455,106.400001525879,160,"Center and South America"
1954,57.9000015258789,19.5833,-98.1167,54,2529.8,46.8296297921075,54.0805138418455,106.400001525879,160,"Center and South America"
1955,106.400001525879,19.5833,-98.1167,54,2529.8,46.8296297921075,54.0805138418455,106.400001525879,160,"Center and South America"
1956,39.9000015258789,19.5833,-98.1167,54,2529.8,46.8296297921075,54.0805138418455,106.400001525879,160,"Center and South America"
1957,40.9000015258789,19.5833,-98.1167,54,2529.8,46.8296297921075,54.0805138418455,106.400001525879,160,"Center and South America"
1959,62,19.5833,-98.1167,54,2529.8,46.8296297921075,54.0805138418455,106.400001525879,160,"Center and South America"
1960,65.8000030517578,19.5833,-98.1167,54,2529.8,46.8296297921075,54.0805138418455,106.400001525879,160,"Center and South America"
1961,47.5,19.5833,-98.1167,54,2529.8,46.8296297921075,54.0805138418455,106.400001525879,160,"Center and South America"
1962,38.4000015258789,19.5833,-98.1167,54,2529.8,46.8296297921075,54.0805138418455,106.400001525879,160,"Center and South America"
1963,30,19.5833,-98.1167,54,2529.8,46.8296297921075,54.0805138418455,106.400001525879,160,"Center and South America"
1967,56.0999984741211,19.5833,-98.1167,54,2529.8,46.8296297921075,54.0805138418455,106.400001525879,160,"Center and South America"
1968,40.5999984741211,19.5833,-98.1167,54,2529.8,46.8296297921075,54.0805138418455,106.400001525879,160,"Center and South America"
1970,40.4000015258789,19.5833,-98.1167,54,2529.8,46.8296297921075,54.0805138418455,106.400001525879,160,"Center and South America"
1971,32,19.5833,-98.1167,54,2529.8,46.8296297921075,54.0805138418455,106.400001525879,160,"Center and South America"
1972,20.7999992370605,19.5833,-98.1167,54,2529.8,46.8296297921075,54.0805138418455,106.400001525879,160,"Center and South America"
1973,45,19.5833,-98.1167,54,2529.8,46.8296297921075,54.0805138418455,106.400001525879,160,"Center and South America"
1974,74.1999969482422,19.5833,-98.1167,54,2529.8,46.8296297921075,54.0805138418455,106.400001525879,160,"Center and South America"
1975,33.7999992370605,19.5833,-98.1167,54,2529.8,46.8296297921075,54.0805138418455,106.400001525879,160,"Center and South America"
1976,50,19.5833,-98.1167,54,2529.8,46.8296297921075,54.0805138418455,106.400001525879,160,"Center and South America"
1978,73.1999969482422,19.5833,-98.1167,54,2529.8,46.8296297921075,54.0805138418455,106.400001525879,160,"Center and South America"
1979,49.5,19.5833,-98.1167,54,2529.8,46.8296297921075,54.0805138418455,106.400001525879,160,"Center and South America"
1980,50,19.5833,-98.1167,54,2529.8,46.8296297921075,54.0805138418455,106.400001525879,160,"Center and South America"
1981,25.8999996185303,19.5833,-98.1167,54,2529.8,46.8296297921075,54.0805138418455,106.400001525879,160,"Center and South America"
1982,39.9000015258789,19.5833,-98.1167,54,2529.8,46.8296297921075,54.0805138418455,106.400001525879,160,"Center and South America"
1983,42.9000015258789,19.5833,-98.1167,54,2529.8,46.8296297921075,54.0805138418455,106.400001525879,160,"Center and South America"
1984,32.7999992370605,19.5833,-98.1167,54,2529.8,46.8296297921075,54.0805138418455,106.400001525879,160,"Center and South America"
1985,43.9000015258789,19.5833,-98.1167,54,2529.8,46.8296297921075,54.0805138418455,106.400001525879,160,"Center and South America"
1987,29.7000007629395,19.5833,-98.1167,54,2529.8,46.8296297921075,54.0805138418455,106.400001525879,160,"Center and South America"
1988,44.5,19.5833,-98.1167,54,2529.8,46.8296297921075,54.0805138418455,106.400001525879,160,"Center and South America"
1989,30,19.5833,-98.1167,54,2529.8,46.8296297921075,54.0805138418455,106.400001525879,160,"Center and South America"
1990,26.8999996185303,19.5833,-98.1167,54,2529.8,46.8296297921075,54.0805138418455,106.400001525879,160,"Center and South America"
1991,59.2000007629395,19.5833,-98.1167,54,2529.8,46.8296297921075,54.0805138418455,106.400001525879,160,"Center and South America"
1992,24.8999996185303,19.5833,-98.1167,54,2529.8,46.8296297921075,54.0805138418455,106.400001525879,160,"Center and South America"
1993,23.8999996185303,19.5833,-98.1167,54,2529.8,46.8296297921075,54.0805138418455,106.400001525879,160,"Center and South America"
1994,23.3999996185303,19.5833,-98.1167,54,2529.8,46.8296297921075,54.0805138418455,106.400001525879,160,"Center and South America"
1995,40.0999984741211,19.5833,-98.1167,54,2529.8,46.8296297921075,54.0805138418455,106.400001525879,160,"Center and South America"
1996,49.2999992370605,19.5833,-98.1167,54,2529.8,46.8296297921075,54.0805138418455,106.400001525879,160,"Center and South America"
1997,96.8000030517578,19.5833,-98.1167,54,2529.8,46.8296297921075,54.0805138418455,106.400001525879,160,"Center and South America"
1998,32.5,19.5833,-98.1167,54,2529.8,46.8296297921075,54.0805138418455,106.400001525879,160,"Center and South America"
1999,103.900001525879,19.5833,-98.1167,54,2529.8,46.8296297921075,54.0805138418455,106.400001525879,160,"Center and South America"
2000,50.2999992370605,19.5833,-98.1167,54,2529.8,46.8296297921075,54.0805138418455,106.400001525879,160,"Center and South America"
2001,58.9000015258789,19.5833,-98.1167,54,2529.8,46.8296297921075,54.0805138418455,106.400001525879,160,"Center and South America"
2002,58.4000015258789,19.5833,-98.1167,54,2529.8,46.8296297921075,54.0805138418455,106.400001525879,160,"Center and South America"
2003,86.9000015258789,19.5833,-98.1167,54,2529.8,46.8296297921075,54.0805138418455,106.400001525879,160,"Center and South America"
2004,62.5,19.5833,-98.1167,54,2529.8,46.8296297921075,54.0805138418455,106.400001525879,160,"Center and South America"
2005,48.7999992370605,19.5833,-98.1167,54,2529.8,46.8296297921075,54.0805138418455,106.400001525879,160,"Center and South America"
