"...1","Maximum value","Latitude","Longitude","M","Z","Singular_mean","Overall_mean","Area","Singular_max","Overall_max"
1900,51.5999984741211,37.1942,-99.7633,120,600.5,60.5766666412353,49.3105100255108,"North America",165.600006103516,252
1901,37.2999992370605,37.1942,-99.7633,120,600.5,60.5766666412353,49.3105100255108,"North America",165.600006103516,252
1902,83.8000030517578,37.1942,-99.7633,120,600.5,60.5766666412353,49.3105100255108,"North America",165.600006103516,252
1903,43.9000015258789,37.1942,-99.7633,120,600.5,60.5766666412353,49.3105100255108,"North America",165.600006103516,252
1904,96.3000030517578,37.1942,-99.7633,120,600.5,60.5766666412353,49.3105100255108,"North America",165.600006103516,252
1905,61.2000007629395,37.1942,-99.7633,120,600.5,60.5766666412353,49.3105100255108,"North America",165.600006103516,252
1906,63.5,37.1942,-99.7633,120,600.5,60.5766666412353,49.3105100255108,"North America",165.600006103516,252
1907,67.0999984741211,37.1942,-99.7633,120,600.5,60.5766666412353,49.3105100255108,"North America",165.600006103516,252
1908,101.599998474121,37.1942,-99.7633,120,600.5,60.5766666412353,49.3105100255108,"North America",165.600006103516,252
1909,99.0999984741211,37.1942,-99.7633,120,600.5,60.5766666412353,49.3105100255108,"North America",165.600006103516,252
1910,74.9000015258789,37.1942,-99.7633,120,600.5,60.5766666412353,49.3105100255108,"North America",165.600006103516,252
1911,64.8000030517578,37.1942,-99.7633,120,600.5,60.5766666412353,49.3105100255108,"North America",165.600006103516,252
1912,40.0999984741211,37.1942,-99.7633,120,600.5,60.5766666412353,49.3105100255108,"North America",165.600006103516,252
1913,54.9000015258789,37.1942,-99.7633,120,600.5,60.5766666412353,49.3105100255108,"North America",165.600006103516,252
1914,120.699996948242,37.1942,-99.7633,120,600.5,60.5766666412353,49.3105100255108,"North America",165.600006103516,252
1915,53.7999992370605,37.1942,-99.7633,120,600.5,60.5766666412353,49.3105100255108,"North America",165.600006103516,252
1916,71.5999984741211,37.1942,-99.7633,120,600.5,60.5766666412353,49.3105100255108,"North America",165.600006103516,252
1917,66,37.1942,-99.7633,120,600.5,60.5766666412353,49.3105100255108,"North America",165.600006103516,252
1918,57.2000007629395,37.1942,-99.7633,120,600.5,60.5766666412353,49.3105100255108,"North America",165.600006103516,252
1919,46,37.1942,-99.7633,120,600.5,60.5766666412353,49.3105100255108,"North America",165.600006103516,252
1920,165.600006103516,37.1942,-99.7633,120,600.5,60.5766666412353,49.3105100255108,"North America",165.600006103516,252
1921,58.4000015258789,37.1942,-99.7633,120,600.5,60.5766666412353,49.3105100255108,"North America",165.600006103516,252
1922,59.4000015258789,37.1942,-99.7633,120,600.5,60.5766666412353,49.3105100255108,"North America",165.600006103516,252
1923,67.0999984741211,37.1942,-99.7633,120,600.5,60.5766666412353,49.3105100255108,"North America",165.600006103516,252
1924,68.8000030517578,37.1942,-99.7633,120,600.5,60.5766666412353,49.3105100255108,"North America",165.600006103516,252
1925,58.9000015258789,37.1942,-99.7633,120,600.5,60.5766666412353,49.3105100255108,"North America",165.600006103516,252
1926,47.5,37.1942,-99.7633,120,600.5,60.5766666412353,49.3105100255108,"North America",165.600006103516,252
1927,88.5999984741211,37.1942,-99.7633,120,600.5,60.5766666412353,49.3105100255108,"North America",165.600006103516,252
1928,53.5999984741211,37.1942,-99.7633,120,600.5,60.5766666412353,49.3105100255108,"North America",165.600006103516,252
1929,48.7999992370605,37.1942,-99.7633,120,600.5,60.5766666412353,49.3105100255108,"North America",165.600006103516,252
1930,75.9000015258789,37.1942,-99.7633,120,600.5,60.5766666412353,49.3105100255108,"North America",165.600006103516,252
1931,34.7999992370605,37.1942,-99.7633,120,600.5,60.5766666412353,49.3105100255108,"North America",165.600006103516,252
1932,55.9000015258789,37.1942,-99.7633,120,600.5,60.5766666412353,49.3105100255108,"North America",165.600006103516,252
1933,35.7999992370605,37.1942,-99.7633,120,600.5,60.5766666412353,49.3105100255108,"North America",165.600006103516,252
1934,51.5999984741211,37.1942,-99.7633,120,600.5,60.5766666412353,49.3105100255108,"North America",165.600006103516,252
1935,53.2999992370605,37.1942,-99.7633,120,600.5,60.5766666412353,49.3105100255108,"North America",165.600006103516,252
1936,72.9000015258789,37.1942,-99.7633,120,600.5,60.5766666412353,49.3105100255108,"North America",165.600006103516,252
1937,67.5999984741211,37.1942,-99.7633,120,600.5,60.5766666412353,49.3105100255108,"North America",165.600006103516,252
1938,56.5999984741211,37.1942,-99.7633,120,600.5,60.5766666412353,49.3105100255108,"North America",165.600006103516,252
1939,68.0999984741211,37.1942,-99.7633,120,600.5,60.5766666412353,49.3105100255108,"North America",165.600006103516,252
1940,58.4000015258789,37.1942,-99.7633,120,600.5,60.5766666412353,49.3105100255108,"North America",165.600006103516,252
1941,92.1999969482422,37.1942,-99.7633,120,600.5,60.5766666412353,49.3105100255108,"North America",165.600006103516,252
1942,43.9000015258789,37.1942,-99.7633,120,600.5,60.5766666412353,49.3105100255108,"North America",165.600006103516,252
1943,38.5999984741211,37.1942,-99.7633,120,600.5,60.5766666412353,49.3105100255108,"North America",165.600006103516,252
1944,53.5999984741211,37.1942,-99.7633,120,600.5,60.5766666412353,49.3105100255108,"North America",165.600006103516,252
1945,54.9000015258789,37.1942,-99.7633,120,600.5,60.5766666412353,49.3105100255108,"North America",165.600006103516,252
1946,60.7000007629395,37.1942,-99.7633,120,600.5,60.5766666412353,49.3105100255108,"North America",165.600006103516,252
1947,54.5999984741211,37.1942,-99.7633,120,600.5,60.5766666412353,49.3105100255108,"North America",165.600006103516,252
1948,59.7000007629395,37.1942,-99.7633,120,600.5,60.5766666412353,49.3105100255108,"North America",165.600006103516,252
1949,100.599998474121,37.1942,-99.7633,120,600.5,60.5766666412353,49.3105100255108,"North America",165.600006103516,252
1950,35.5999984741211,37.1942,-99.7633,120,600.5,60.5766666412353,49.3105100255108,"North America",165.600006103516,252
1951,87.9000015258789,37.1942,-99.7633,120,600.5,60.5766666412353,49.3105100255108,"North America",165.600006103516,252
1952,31,37.1942,-99.7633,120,600.5,60.5766666412353,49.3105100255108,"North America",165.600006103516,252
1953,39.5999984741211,37.1942,-99.7633,120,600.5,60.5766666412353,49.3105100255108,"North America",165.600006103516,252
1954,30,37.1942,-99.7633,120,600.5,60.5766666412353,49.3105100255108,"North America",165.600006103516,252
1955,60.5,37.1942,-99.7633,120,600.5,60.5766666412353,49.3105100255108,"North America",165.600006103516,252
1956,61.7000007629395,37.1942,-99.7633,120,600.5,60.5766666412353,49.3105100255108,"North America",165.600006103516,252
1957,67.5999984741211,37.1942,-99.7633,120,600.5,60.5766666412353,49.3105100255108,"North America",165.600006103516,252
1958,52.2999992370605,37.1942,-99.7633,120,600.5,60.5766666412353,49.3105100255108,"North America",165.600006103516,252
1959,94.1999969482422,37.1942,-99.7633,120,600.5,60.5766666412353,49.3105100255108,"North America",165.600006103516,252
1960,33.7999992370605,37.1942,-99.7633,120,600.5,60.5766666412353,49.3105100255108,"North America",165.600006103516,252
1961,63.5,37.1942,-99.7633,120,600.5,60.5766666412353,49.3105100255108,"North America",165.600006103516,252
1962,64.5,37.1942,-99.7633,120,600.5,60.5766666412353,49.3105100255108,"North America",165.600006103516,252
1963,114.300003051758,37.1942,-99.7633,120,600.5,60.5766666412353,49.3105100255108,"North America",165.600006103516,252
1964,73.1999969482422,37.1942,-99.7633,120,600.5,60.5766666412353,49.3105100255108,"North America",165.600006103516,252
1965,72.4000015258789,37.1942,-99.7633,120,600.5,60.5766666412353,49.3105100255108,"North America",165.600006103516,252
1966,37.5999984741211,37.1942,-99.7633,120,600.5,60.5766666412353,49.3105100255108,"North America",165.600006103516,252
1967,37.7999992370605,37.1942,-99.7633,120,600.5,60.5766666412353,49.3105100255108,"North America",165.600006103516,252
1968,101.599998474121,37.1942,-99.7633,120,600.5,60.5766666412353,49.3105100255108,"North America",165.600006103516,252
1969,41.9000015258789,37.1942,-99.7633,120,600.5,60.5766666412353,49.3105100255108,"North America",165.600006103516,252
1970,66,37.1942,-99.7633,120,600.5,60.5766666412353,49.3105100255108,"North America",165.600006103516,252
1971,53.2999992370605,37.1942,-99.7633,120,600.5,60.5766666412353,49.3105100255108,"North America",165.600006103516,252
1972,90.1999969482422,37.1942,-99.7633,120,600.5,60.5766666412353,49.3105100255108,"North America",165.600006103516,252
1973,66,37.1942,-99.7633,120,600.5,60.5766666412353,49.3105100255108,"North America",165.600006103516,252
1974,46.5,37.1942,-99.7633,120,600.5,60.5766666412353,49.3105100255108,"North America",165.600006103516,252
1975,40.0999984741211,37.1942,-99.7633,120,600.5,60.5766666412353,49.3105100255108,"North America",165.600006103516,252
1976,54.5999984741211,37.1942,-99.7633,120,600.5,60.5766666412353,49.3105100255108,"North America",165.600006103516,252
1977,38.0999984741211,37.1942,-99.7633,120,600.5,60.5766666412353,49.3105100255108,"North America",165.600006103516,252
1978,82.5999984741211,37.1942,-99.7633,120,600.5,60.5766666412353,49.3105100255108,"North America",165.600006103516,252
1979,69.9000015258789,37.1942,-99.7633,120,600.5,60.5766666412353,49.3105100255108,"North America",165.600006103516,252
1980,43.2000007629395,37.1942,-99.7633,120,600.5,60.5766666412353,49.3105100255108,"North America",165.600006103516,252
1981,39.4000015258789,37.1942,-99.7633,120,600.5,60.5766666412353,49.3105100255108,"North America",165.600006103516,252
1982,63.5,37.1942,-99.7633,120,600.5,60.5766666412353,49.3105100255108,"North America",165.600006103516,252
1983,73.6999969482422,37.1942,-99.7633,120,600.5,60.5766666412353,49.3105100255108,"North America",165.600006103516,252
1984,35.5999984741211,37.1942,-99.7633,120,600.5,60.5766666412353,49.3105100255108,"North America",165.600006103516,252
1985,62.2000007629395,37.1942,-99.7633,120,600.5,60.5766666412353,49.3105100255108,"North America",165.600006103516,252
1986,68.5999984741211,37.1942,-99.7633,120,600.5,60.5766666412353,49.3105100255108,"North America",165.600006103516,252
1987,62,37.1942,-99.7633,120,600.5,60.5766666412353,49.3105100255108,"North America",165.600006103516,252
1988,38.0999984741211,37.1942,-99.7633,120,600.5,60.5766666412353,49.3105100255108,"North America",165.600006103516,252
1989,83.8000030517578,37.1942,-99.7633,120,600.5,60.5766666412353,49.3105100255108,"North America",165.600006103516,252
1990,39.4000015258789,37.1942,-99.7633,120,600.5,60.5766666412353,49.3105100255108,"North America",165.600006103516,252
1991,30.5,37.1942,-99.7633,120,600.5,60.5766666412353,49.3105100255108,"North America",165.600006103516,252
1992,61.5,37.1942,-99.7633,120,600.5,60.5766666412353,49.3105100255108,"North America",165.600006103516,252
1993,49.5,37.1942,-99.7633,120,600.5,60.5766666412353,49.3105100255108,"North America",165.600006103516,252
1994,39.4000015258789,37.1942,-99.7633,120,600.5,60.5766666412353,49.3105100255108,"North America",165.600006103516,252
1995,33.7999992370605,37.1942,-99.7633,120,600.5,60.5766666412353,49.3105100255108,"North America",165.600006103516,252
1996,90.1999969482422,37.1942,-99.7633,120,600.5,60.5766666412353,49.3105100255108,"North America",165.600006103516,252
1997,49.7999992370605,37.1942,-99.7633,120,600.5,60.5766666412353,49.3105100255108,"North America",165.600006103516,252
1998,50.7999992370605,37.1942,-99.7633,120,600.5,60.5766666412353,49.3105100255108,"North America",165.600006103516,252
1999,67.8000030517578,37.1942,-99.7633,120,600.5,60.5766666412353,49.3105100255108,"North America",165.600006103516,252
2000,64,37.1942,-99.7633,120,600.5,60.5766666412353,49.3105100255108,"North America",165.600006103516,252
2001,52.7999992370605,37.1942,-99.7633,120,600.5,60.5766666412353,49.3105100255108,"North America",165.600006103516,252
2002,42.7000007629395,37.1942,-99.7633,120,600.5,60.5766666412353,49.3105100255108,"North America",165.600006103516,252
2003,32.2999992370605,37.1942,-99.7633,120,600.5,60.5766666412353,49.3105100255108,"North America",165.600006103516,252
2004,38.0999984741211,37.1942,-99.7633,120,600.5,60.5766666412353,49.3105100255108,"North America",165.600006103516,252
2005,42.7000007629395,37.1942,-99.7633,120,600.5,60.5766666412353,49.3105100255108,"North America",165.600006103516,252
2006,75.6999969482422,37.1942,-99.7633,120,600.5,60.5766666412353,49.3105100255108,"North America",165.600006103516,252
2007,111.800003051758,37.1942,-99.7633,120,600.5,60.5766666412353,49.3105100255108,"North America",165.600006103516,252
2008,58.9000015258789,37.1942,-99.7633,120,600.5,60.5766666412353,49.3105100255108,"North America",165.600006103516,252
2009,45.7000007629395,37.1942,-99.7633,120,600.5,60.5766666412353,49.3105100255108,"North America",165.600006103516,252
2010,59.9000015258789,37.1942,-99.7633,120,600.5,60.5766666412353,49.3105100255108,"North America",165.600006103516,252
2011,36.0999984741211,37.1942,-99.7633,120,600.5,60.5766666412353,49.3105100255108,"North America",165.600006103516,252
2012,31,37.1942,-99.7633,120,600.5,60.5766666412353,49.3105100255108,"North America",165.600006103516,252
2013,42.4000015258789,37.1942,-99.7633,120,600.5,60.5766666412353,49.3105100255108,"North America",165.600006103516,252
2014,79.5,37.1942,-99.7633,120,600.5,60.5766666412353,49.3105100255108,"North America",165.600006103516,252
2015,56.9000015258789,37.1942,-99.7633,120,600.5,60.5766666412353,49.3105100255108,"North America",165.600006103516,252
2016,63.2000007629395,37.1942,-99.7633,120,600.5,60.5766666412353,49.3105100255108,"North America",165.600006103516,252
2017,54.4000015258789,37.1942,-99.7633,120,600.5,60.5766666412353,49.3105100255108,"North America",165.600006103516,252
2018,58.9000015258789,37.1942,-99.7633,120,600.5,60.5766666412353,49.3105100255108,"North America",165.600006103516,252
2019,69.3000030517578,37.1942,-99.7633,120,600.5,60.5766666412353,49.3105100255108,"North America",165.600006103516,252
1925,50.7999992370605,44.2436,-112.2006,83,1661.2,24.9734937713807,49.3105100255108,"North America",66,252
1926,15.1999998092651,44.2436,-112.2006,83,1661.2,24.9734937713807,49.3105100255108,"North America",66,252
1927,21.7999992370605,44.2436,-112.2006,83,1661.2,24.9734937713807,49.3105100255108,"North America",66,252
1928,11.3999996185303,44.2436,-112.2006,83,1661.2,24.9734937713807,49.3105100255108,"North America",66,252
1929,18.5,44.2436,-112.2006,83,1661.2,24.9734937713807,49.3105100255108,"North America",66,252
1930,24.3999996185303,44.2436,-112.2006,83,1661.2,24.9734937713807,49.3105100255108,"North America",66,252
1931,21.6000003814697,44.2436,-112.2006,83,1661.2,24.9734937713807,49.3105100255108,"North America",66,252
1932,42.9000015258789,44.2436,-112.2006,83,1661.2,24.9734937713807,49.3105100255108,"North America",66,252
1933,22.8999996185303,44.2436,-112.2006,83,1661.2,24.9734937713807,49.3105100255108,"North America",66,252
1934,35.0999984741211,44.2436,-112.2006,83,1661.2,24.9734937713807,49.3105100255108,"North America",66,252
1935,34.5,44.2436,-112.2006,83,1661.2,24.9734937713807,49.3105100255108,"North America",66,252
1936,17.7999992370605,44.2436,-112.2006,83,1661.2,24.9734937713807,49.3105100255108,"North America",66,252
1937,12.1999998092651,44.2436,-112.2006,83,1661.2,24.9734937713807,49.3105100255108,"North America",66,252
1938,34.7999992370605,44.2436,-112.2006,83,1661.2,24.9734937713807,49.3105100255108,"North America",66,252
1939,22.6000003814697,44.2436,-112.2006,83,1661.2,24.9734937713807,49.3105100255108,"North America",66,252
1940,22.3999996185303,44.2436,-112.2006,83,1661.2,24.9734937713807,49.3105100255108,"North America",66,252
1941,19.7999992370605,44.2436,-112.2006,83,1661.2,24.9734937713807,49.3105100255108,"North America",66,252
1942,23.3999996185303,44.2436,-112.2006,83,1661.2,24.9734937713807,49.3105100255108,"North America",66,252
1943,19.6000003814697,44.2436,-112.2006,83,1661.2,24.9734937713807,49.3105100255108,"North America",66,252
1944,66,44.2436,-112.2006,83,1661.2,24.9734937713807,49.3105100255108,"North America",66,252
1945,22.1000003814697,44.2436,-112.2006,83,1661.2,24.9734937713807,49.3105100255108,"North America",66,252
1946,27.7000007629395,44.2436,-112.2006,83,1661.2,24.9734937713807,49.3105100255108,"North America",66,252
1947,22.6000003814697,44.2436,-112.2006,83,1661.2,24.9734937713807,49.3105100255108,"North America",66,252
1948,30.7000007629395,44.2436,-112.2006,83,1661.2,24.9734937713807,49.3105100255108,"North America",66,252
1949,29.7000007629395,44.2436,-112.2006,83,1661.2,24.9734937713807,49.3105100255108,"North America",66,252
1950,29.5,44.2436,-112.2006,83,1661.2,24.9734937713807,49.3105100255108,"North America",66,252
1951,17,44.2436,-112.2006,83,1661.2,24.9734937713807,49.3105100255108,"North America",66,252
1952,25.3999996185303,44.2436,-112.2006,83,1661.2,24.9734937713807,49.3105100255108,"North America",66,252
1953,30.5,44.2436,-112.2006,83,1661.2,24.9734937713807,49.3105100255108,"North America",66,252
1954,14.6999998092651,44.2436,-112.2006,83,1661.2,24.9734937713807,49.3105100255108,"North America",66,252
1955,25.3999996185303,44.2436,-112.2006,83,1661.2,24.9734937713807,49.3105100255108,"North America",66,252
1956,23.3999996185303,44.2436,-112.2006,83,1661.2,24.9734937713807,49.3105100255108,"North America",66,252
1957,21.6000003814697,44.2436,-112.2006,83,1661.2,24.9734937713807,49.3105100255108,"North America",66,252
1958,20.2999992370605,44.2436,-112.2006,83,1661.2,24.9734937713807,49.3105100255108,"North America",66,252
1959,31.5,44.2436,-112.2006,83,1661.2,24.9734937713807,49.3105100255108,"North America",66,252
1960,15.6999998092651,44.2436,-112.2006,83,1661.2,24.9734937713807,49.3105100255108,"North America",66,252
1961,26.8999996185303,44.2436,-112.2006,83,1661.2,24.9734937713807,49.3105100255108,"North America",66,252
1962,24.3999996185303,44.2436,-112.2006,83,1661.2,24.9734937713807,49.3105100255108,"North America",66,252
1963,15.1999998092651,44.2436,-112.2006,83,1661.2,24.9734937713807,49.3105100255108,"North America",66,252
1964,26.8999996185303,44.2436,-112.2006,83,1661.2,24.9734937713807,49.3105100255108,"North America",66,252
1965,37.7999992370605,44.2436,-112.2006,83,1661.2,24.9734937713807,49.3105100255108,"North America",66,252
1966,28.3999996185303,44.2436,-112.2006,83,1661.2,24.9734937713807,49.3105100255108,"North America",66,252
1967,27.8999996185303,44.2436,-112.2006,83,1661.2,24.9734937713807,49.3105100255108,"North America",66,252
1968,21.7999992370605,44.2436,-112.2006,83,1661.2,24.9734937713807,49.3105100255108,"North America",66,252
1969,35.0999984741211,44.2436,-112.2006,83,1661.2,24.9734937713807,49.3105100255108,"North America",66,252
1970,39.4000015258789,44.2436,-112.2006,83,1661.2,24.9734937713807,49.3105100255108,"North America",66,252
1971,22.8999996185303,44.2436,-112.2006,83,1661.2,24.9734937713807,49.3105100255108,"North America",66,252
1972,19.7999992370605,44.2436,-112.2006,83,1661.2,24.9734937713807,49.3105100255108,"North America",66,252
1973,23.8999996185303,44.2436,-112.2006,83,1661.2,24.9734937713807,49.3105100255108,"North America",66,252
1974,24.6000003814697,44.2436,-112.2006,83,1661.2,24.9734937713807,49.3105100255108,"North America",66,252
1975,22.3999996185303,44.2436,-112.2006,83,1661.2,24.9734937713807,49.3105100255108,"North America",66,252
1976,31.7999992370605,44.2436,-112.2006,83,1661.2,24.9734937713807,49.3105100255108,"North America",66,252
1977,36.2999992370605,44.2436,-112.2006,83,1661.2,24.9734937713807,49.3105100255108,"North America",66,252
1978,17.2999992370605,44.2436,-112.2006,83,1661.2,24.9734937713807,49.3105100255108,"North America",66,252
1979,26.7000007629395,44.2436,-112.2006,83,1661.2,24.9734937713807,49.3105100255108,"North America",66,252
1980,25.3999996185303,44.2436,-112.2006,83,1661.2,24.9734937713807,49.3105100255108,"North America",66,252
1981,31.7999992370605,44.2436,-112.2006,83,1661.2,24.9734937713807,49.3105100255108,"North America",66,252
1982,19.2999992370605,44.2436,-112.2006,83,1661.2,24.9734937713807,49.3105100255108,"North America",66,252
1983,25.8999996185303,44.2436,-112.2006,83,1661.2,24.9734937713807,49.3105100255108,"North America",66,252
1984,22.1000003814697,44.2436,-112.2006,83,1661.2,24.9734937713807,49.3105100255108,"North America",66,252
1985,29.5,44.2436,-112.2006,83,1661.2,24.9734937713807,49.3105100255108,"North America",66,252
1986,22.1000003814697,44.2436,-112.2006,83,1661.2,24.9734937713807,49.3105100255108,"North America",66,252
1987,15,44.2436,-112.2006,83,1661.2,24.9734937713807,49.3105100255108,"North America",66,252
1988,24.3999996185303,44.2436,-112.2006,83,1661.2,24.9734937713807,49.3105100255108,"North America",66,252
1989,23.1000003814697,44.2436,-112.2006,83,1661.2,24.9734937713807,49.3105100255108,"North America",66,252
1990,14.6999998092651,44.2436,-112.2006,83,1661.2,24.9734937713807,49.3105100255108,"North America",66,252
1991,26.8999996185303,44.2436,-112.2006,83,1661.2,24.9734937713807,49.3105100255108,"North America",66,252
1992,25.8999996185303,44.2436,-112.2006,83,1661.2,24.9734937713807,49.3105100255108,"North America",66,252
1993,19.6000003814697,44.2436,-112.2006,83,1661.2,24.9734937713807,49.3105100255108,"North America",66,252
1994,15.1999998092651,44.2436,-112.2006,83,1661.2,24.9734937713807,49.3105100255108,"North America",66,252
1995,38.4000015258789,44.2436,-112.2006,83,1661.2,24.9734937713807,49.3105100255108,"North America",66,252
1996,27.3999996185303,44.2436,-112.2006,83,1661.2,24.9734937713807,49.3105100255108,"North America",66,252
1997,17.2999992370605,44.2436,-112.2006,83,1661.2,24.9734937713807,49.3105100255108,"North America",66,252
1998,20.2999992370605,44.2436,-112.2006,83,1661.2,24.9734937713807,49.3105100255108,"North America",66,252
1999,23.3999996185303,44.2436,-112.2006,83,1661.2,24.9734937713807,49.3105100255108,"North America",66,252
2000,20.2999992370605,44.2436,-112.2006,83,1661.2,24.9734937713807,49.3105100255108,"North America",66,252
2001,16,44.2436,-112.2006,83,1661.2,24.9734937713807,49.3105100255108,"North America",66,252
2002,17.2999992370605,44.2436,-112.2006,83,1661.2,24.9734937713807,49.3105100255108,"North America",66,252
2003,21.7999992370605,44.2436,-112.2006,83,1661.2,24.9734937713807,49.3105100255108,"North America",66,252
2004,32,44.2436,-112.2006,83,1661.2,24.9734937713807,49.3105100255108,"North America",66,252
2005,20.7999992370605,44.2436,-112.2006,83,1661.2,24.9734937713807,49.3105100255108,"North America",66,252
2006,23.3999996185303,44.2436,-112.2006,83,1661.2,24.9734937713807,49.3105100255108,"North America",66,252
2007,18.5,44.2436,-112.2006,83,1661.2,24.9734937713807,49.3105100255108,"North America",66,252
1883,25.7000007629395,53.55,-113.5,59,658,39.5271185535496,49.3105100255108,"North America",105.900001525879,252
1884,52.0999984741211,53.55,-113.5,59,658,39.5271185535496,49.3105100255108,"North America",105.900001525879,252
1885,40.5999984741211,53.55,-113.5,59,658,39.5271185535496,49.3105100255108,"North America",105.900001525879,252
1886,38.0999984741211,53.55,-113.5,59,658,39.5271185535496,49.3105100255108,"North America",105.900001525879,252
1887,24.3999996185303,53.55,-113.5,59,658,39.5271185535496,49.3105100255108,"North America",105.900001525879,252
1888,53.5999984741211,53.55,-113.5,59,658,39.5271185535496,49.3105100255108,"North America",105.900001525879,252
1889,16.2999992370605,53.55,-113.5,59,658,39.5271185535496,49.3105100255108,"North America",105.900001525879,252
1890,38.9000015258789,53.55,-113.5,59,658,39.5271185535496,49.3105100255108,"North America",105.900001525879,252
1891,56.0999984741211,53.55,-113.5,59,658,39.5271185535496,49.3105100255108,"North America",105.900001525879,252
1892,49.5,53.55,-113.5,59,658,39.5271185535496,49.3105100255108,"North America",105.900001525879,252
1893,51.0999984741211,53.55,-113.5,59,658,39.5271185535496,49.3105100255108,"North America",105.900001525879,252
1894,38.0999984741211,53.55,-113.5,59,658,39.5271185535496,49.3105100255108,"North America",105.900001525879,252
1895,35.2999992370605,53.55,-113.5,59,658,39.5271185535496,49.3105100255108,"North America",105.900001525879,252
1896,28.3999996185303,53.55,-113.5,59,658,39.5271185535496,49.3105100255108,"North America",105.900001525879,252
1897,27.7000007629395,53.55,-113.5,59,658,39.5271185535496,49.3105100255108,"North America",105.900001525879,252
1898,31.5,53.55,-113.5,59,658,39.5271185535496,49.3105100255108,"North America",105.900001525879,252
1899,50.2999992370605,53.55,-113.5,59,658,39.5271185535496,49.3105100255108,"North America",105.900001525879,252
1900,35.7999992370605,53.55,-113.5,59,658,39.5271185535496,49.3105100255108,"North America",105.900001525879,252
1901,54.9000015258789,53.55,-113.5,59,658,39.5271185535496,49.3105100255108,"North America",105.900001525879,252
1902,71.0999984741211,53.55,-113.5,59,658,39.5271185535496,49.3105100255108,"North America",105.900001525879,252
1903,55.9000015258789,53.55,-113.5,59,658,39.5271185535496,49.3105100255108,"North America",105.900001525879,252
1904,30,53.55,-113.5,59,658,39.5271185535496,49.3105100255108,"North America",105.900001525879,252
1905,31,53.55,-113.5,59,658,39.5271185535496,49.3105100255108,"North America",105.900001525879,252
1906,46.7000007629395,53.55,-113.5,59,658,39.5271185535496,49.3105100255108,"North America",105.900001525879,252
1907,26.3999996185303,53.55,-113.5,59,658,39.5271185535496,49.3105100255108,"North America",105.900001525879,252
1908,29.2000007629395,53.55,-113.5,59,658,39.5271185535496,49.3105100255108,"North America",105.900001525879,252
1909,18.2999992370605,53.55,-113.5,59,658,39.5271185535496,49.3105100255108,"North America",105.900001525879,252
1910,21.1000003814697,53.55,-113.5,59,658,39.5271185535496,49.3105100255108,"North America",105.900001525879,252
1911,62.7000007629395,53.55,-113.5,59,658,39.5271185535496,49.3105100255108,"North America",105.900001525879,252
1912,29.2000007629395,53.55,-113.5,59,658,39.5271185535496,49.3105100255108,"North America",105.900001525879,252
1913,27.2000007629395,53.55,-113.5,59,658,39.5271185535496,49.3105100255108,"North America",105.900001525879,252
1914,50.7999992370605,53.55,-113.5,59,658,39.5271185535496,49.3105100255108,"North America",105.900001525879,252
1915,68.0999984741211,53.55,-113.5,59,658,39.5271185535496,49.3105100255108,"North America",105.900001525879,252
1916,41.9000015258789,53.55,-113.5,59,658,39.5271185535496,49.3105100255108,"North America",105.900001525879,252
1917,21.2999992370605,53.55,-113.5,59,658,39.5271185535496,49.3105100255108,"North America",105.900001525879,252
1918,37.0999984741211,53.55,-113.5,59,658,39.5271185535496,49.3105100255108,"North America",105.900001525879,252
1919,25.3999996185303,53.55,-113.5,59,658,39.5271185535496,49.3105100255108,"North America",105.900001525879,252
1920,30.2000007629395,53.55,-113.5,59,658,39.5271185535496,49.3105100255108,"North America",105.900001525879,252
1921,19.1000003814697,53.55,-113.5,59,658,39.5271185535496,49.3105100255108,"North America",105.900001525879,252
1922,30.7000007629395,53.55,-113.5,59,658,39.5271185535496,49.3105100255108,"North America",105.900001525879,252
1923,30.7000007629395,53.55,-113.5,59,658,39.5271185535496,49.3105100255108,"North America",105.900001525879,252
1924,32.2999992370605,53.55,-113.5,59,658,39.5271185535496,49.3105100255108,"North America",105.900001525879,252
1925,36.2999992370605,53.55,-113.5,59,658,39.5271185535496,49.3105100255108,"North America",105.900001525879,252
1926,58.4000015258789,53.55,-113.5,59,658,39.5271185535496,49.3105100255108,"North America",105.900001525879,252
1927,28.3999996185303,53.55,-113.5,59,658,39.5271185535496,49.3105100255108,"North America",105.900001525879,252
1928,48.7999992370605,53.55,-113.5,59,658,39.5271185535496,49.3105100255108,"North America",105.900001525879,252
1929,55.9000015258789,53.55,-113.5,59,658,39.5271185535496,49.3105100255108,"North America",105.900001525879,252
1930,19.1000003814697,53.55,-113.5,59,658,39.5271185535496,49.3105100255108,"North America",105.900001525879,252
1931,64,53.55,-113.5,59,658,39.5271185535496,49.3105100255108,"North America",105.900001525879,252
1932,18.7999992370605,53.55,-113.5,59,658,39.5271185535496,49.3105100255108,"North America",105.900001525879,252
1933,29.5,53.55,-113.5,59,658,39.5271185535496,49.3105100255108,"North America",105.900001525879,252
1934,31.5,53.55,-113.5,59,658,39.5271185535496,49.3105100255108,"North America",105.900001525879,252
1935,28.3999996185303,53.55,-113.5,59,658,39.5271185535496,49.3105100255108,"North America",105.900001525879,252
1936,26.3999996185303,53.55,-113.5,59,658,39.5271185535496,49.3105100255108,"North America",105.900001525879,252
1937,105.900001525879,53.55,-113.5,59,658,39.5271185535496,49.3105100255108,"North America",105.900001525879,252
1938,71.4000015258789,53.55,-113.5,59,658,39.5271185535496,49.3105100255108,"North America",105.900001525879,252
1939,41.7000007629395,53.55,-113.5,59,658,39.5271185535496,49.3105100255108,"North America",105.900001525879,252
1940,34.7999992370605,53.55,-113.5,59,658,39.5271185535496,49.3105100255108,"North America",105.900001525879,252
1942,48,53.55,-113.5,59,658,39.5271185535496,49.3105100255108,"North America",105.900001525879,252
1964,61.2000007629395,42.8939,-85.5447,56,237.1,62.7875001771109,49.3105100255108,"North America",105.400001525879,252
1965,34.5,42.8939,-85.5447,56,237.1,62.7875001771109,49.3105100255108,"North America",105.400001525879,252
1966,64.3000030517578,42.8939,-85.5447,56,237.1,62.7875001771109,49.3105100255108,"North America",105.400001525879,252
1967,43.4000015258789,42.8939,-85.5447,56,237.1,62.7875001771109,49.3105100255108,"North America",105.400001525879,252
1968,40.0999984741211,42.8939,-85.5447,56,237.1,62.7875001771109,49.3105100255108,"North America",105.400001525879,252
1969,54.5999984741211,42.8939,-85.5447,56,237.1,62.7875001771109,49.3105100255108,"North America",105.400001525879,252
1970,67.3000030517578,42.8939,-85.5447,56,237.1,62.7875001771109,49.3105100255108,"North America",105.400001525879,252
1971,54.0999984741211,42.8939,-85.5447,56,237.1,62.7875001771109,49.3105100255108,"North America",105.400001525879,252
1972,73.4000015258789,42.8939,-85.5447,56,237.1,62.7875001771109,49.3105100255108,"North America",105.400001525879,252
1973,42.9000015258789,42.8939,-85.5447,56,237.1,62.7875001771109,49.3105100255108,"North America",105.400001525879,252
1974,58.9000015258789,42.8939,-85.5447,56,237.1,62.7875001771109,49.3105100255108,"North America",105.400001525879,252
1975,51.0999984741211,42.8939,-85.5447,56,237.1,62.7875001771109,49.3105100255108,"North America",105.400001525879,252
1976,43.9000015258789,42.8939,-85.5447,56,237.1,62.7875001771109,49.3105100255108,"North America",105.400001525879,252
1977,42.7000007629395,42.8939,-85.5447,56,237.1,62.7875001771109,49.3105100255108,"North America",105.400001525879,252
1978,60.7000007629395,42.8939,-85.5447,56,237.1,62.7875001771109,49.3105100255108,"North America",105.400001525879,252
1979,45.5,42.8939,-85.5447,56,237.1,62.7875001771109,49.3105100255108,"North America",105.400001525879,252
1980,34,42.8939,-85.5447,56,237.1,62.7875001771109,49.3105100255108,"North America",105.400001525879,252
1981,89.6999969482422,42.8939,-85.5447,56,237.1,62.7875001771109,49.3105100255108,"North America",105.400001525879,252
1982,37.5999984741211,42.8939,-85.5447,56,237.1,62.7875001771109,49.3105100255108,"North America",105.400001525879,252
1983,38.4000015258789,42.8939,-85.5447,56,237.1,62.7875001771109,49.3105100255108,"North America",105.400001525879,252
1984,46.2000007629395,42.8939,-85.5447,56,237.1,62.7875001771109,49.3105100255108,"North America",105.400001525879,252
1985,42.4000015258789,42.8939,-85.5447,56,237.1,62.7875001771109,49.3105100255108,"North America",105.400001525879,252
1986,81.5,42.8939,-85.5447,56,237.1,62.7875001771109,49.3105100255108,"North America",105.400001525879,252
1987,91.6999969482422,42.8939,-85.5447,56,237.1,62.7875001771109,49.3105100255108,"North America",105.400001525879,252
1988,79.8000030517578,42.8939,-85.5447,56,237.1,62.7875001771109,49.3105100255108,"North America",105.400001525879,252
1989,80.5,42.8939,-85.5447,56,237.1,62.7875001771109,49.3105100255108,"North America",105.400001525879,252
1990,74.6999969482422,42.8939,-85.5447,56,237.1,62.7875001771109,49.3105100255108,"North America",105.400001525879,252
1991,59.9000015258789,42.8939,-85.5447,56,237.1,62.7875001771109,49.3105100255108,"North America",105.400001525879,252
1992,85.9000015258789,42.8939,-85.5447,56,237.1,62.7875001771109,49.3105100255108,"North America",105.400001525879,252
1993,54.5999984741211,42.8939,-85.5447,56,237.1,62.7875001771109,49.3105100255108,"North America",105.400001525879,252
1994,90.4000015258789,42.8939,-85.5447,56,237.1,62.7875001771109,49.3105100255108,"North America",105.400001525879,252
1995,55.0999984741211,42.8939,-85.5447,56,237.1,62.7875001771109,49.3105100255108,"North America",105.400001525879,252
1996,86.0999984741211,42.8939,-85.5447,56,237.1,62.7875001771109,49.3105100255108,"North America",105.400001525879,252
1997,75.1999969482422,42.8939,-85.5447,56,237.1,62.7875001771109,49.3105100255108,"North America",105.400001525879,252
1998,34.7999992370605,42.8939,-85.5447,56,237.1,62.7875001771109,49.3105100255108,"North America",105.400001525879,252
1999,49.7999992370605,42.8939,-85.5447,56,237.1,62.7875001771109,49.3105100255108,"North America",105.400001525879,252
2000,84.0999984741211,42.8939,-85.5447,56,237.1,62.7875001771109,49.3105100255108,"North America",105.400001525879,252
2001,105.400001525879,42.8939,-85.5447,56,237.1,62.7875001771109,49.3105100255108,"North America",105.400001525879,252
2002,42.7000007629395,42.8939,-85.5447,56,237.1,62.7875001771109,49.3105100255108,"North America",105.400001525879,252
2003,68.3000030517578,42.8939,-85.5447,56,237.1,62.7875001771109,49.3105100255108,"North America",105.400001525879,252
2004,62.5,42.8939,-85.5447,56,237.1,62.7875001771109,49.3105100255108,"North America",105.400001525879,252
2005,56.5999984741211,42.8939,-85.5447,56,237.1,62.7875001771109,49.3105100255108,"North America",105.400001525879,252
2006,75.1999969482422,42.8939,-85.5447,56,237.1,62.7875001771109,49.3105100255108,"North America",105.400001525879,252
2007,59.4000015258789,42.8939,-85.5447,56,237.1,62.7875001771109,49.3105100255108,"North America",105.400001525879,252
2008,80.8000030517578,42.8939,-85.5447,56,237.1,62.7875001771109,49.3105100255108,"North America",105.400001525879,252
2009,80,42.8939,-85.5447,56,237.1,62.7875001771109,49.3105100255108,"North America",105.400001525879,252
2010,63.7999992370605,42.8939,-85.5447,56,237.1,62.7875001771109,49.3105100255108,"North America",105.400001525879,252
2011,88.5999984741211,42.8939,-85.5447,56,237.1,62.7875001771109,49.3105100255108,"North America",105.400001525879,252
2012,45.7000007629395,42.8939,-85.5447,56,237.1,62.7875001771109,49.3105100255108,"North America",105.400001525879,252
2013,83.8000030517578,42.8939,-85.5447,56,237.1,62.7875001771109,49.3105100255108,"North America",105.400001525879,252
2014,54.9000015258789,42.8939,-85.5447,56,237.1,62.7875001771109,49.3105100255108,"North America",105.400001525879,252
2015,52.0999984741211,42.8939,-85.5447,56,237.1,62.7875001771109,49.3105100255108,"North America",105.400001525879,252
2016,66.3000030517578,42.8939,-85.5447,56,237.1,62.7875001771109,49.3105100255108,"North America",105.400001525879,252
2017,71.4000015258789,42.8939,-85.5447,56,237.1,62.7875001771109,49.3105100255108,"North America",105.400001525879,252
2018,82.5999984741211,42.8939,-85.5447,56,237.1,62.7875001771109,49.3105100255108,"North America",105.400001525879,252
2019,65,42.8939,-85.5447,56,237.1,62.7875001771109,49.3105100255108,"North America",105.400001525879,252
1942,100.800003051758,47.6167,-52.75,69,141,64.6434785041256,49.3105100255108,"North America",121.199996948242,252
1943,50.7999992370605,47.6167,-52.75,69,141,64.6434785041256,49.3105100255108,"North America",121.199996948242,252
1944,87.0999984741211,47.6167,-52.75,69,141,64.6434785041256,49.3105100255108,"North America",121.199996948242,252
1945,75.1999969482422,47.6167,-52.75,69,141,64.6434785041256,49.3105100255108,"North America",121.199996948242,252
1946,121.199996948242,47.6167,-52.75,69,141,64.6434785041256,49.3105100255108,"North America",121.199996948242,252
1947,44.7000007629395,47.6167,-52.75,69,141,64.6434785041256,49.3105100255108,"North America",121.199996948242,252
1948,60.7000007629395,47.6167,-52.75,69,141,64.6434785041256,49.3105100255108,"North America",121.199996948242,252
1949,56.0999984741211,47.6167,-52.75,69,141,64.6434785041256,49.3105100255108,"North America",121.199996948242,252
1950,68.3000030517578,47.6167,-52.75,69,141,64.6434785041256,49.3105100255108,"North America",121.199996948242,252
1951,91.6999969482422,47.6167,-52.75,69,141,64.6434785041256,49.3105100255108,"North America",121.199996948242,252
1952,66,47.6167,-52.75,69,141,64.6434785041256,49.3105100255108,"North America",121.199996948242,252
1953,92.5,47.6167,-52.75,69,141,64.6434785041256,49.3105100255108,"North America",121.199996948242,252
1954,62,47.6167,-52.75,69,141,64.6434785041256,49.3105100255108,"North America",121.199996948242,252
1955,64,47.6167,-52.75,69,141,64.6434785041256,49.3105100255108,"North America",121.199996948242,252
1956,64,47.6167,-52.75,69,141,64.6434785041256,49.3105100255108,"North America",121.199996948242,252
1957,45,47.6167,-52.75,69,141,64.6434785041256,49.3105100255108,"North America",121.199996948242,252
1958,61.5,47.6167,-52.75,69,141,64.6434785041256,49.3105100255108,"North America",121.199996948242,252
1959,58.7000007629395,47.6167,-52.75,69,141,64.6434785041256,49.3105100255108,"North America",121.199996948242,252
1960,64.3000030517578,47.6167,-52.75,69,141,64.6434785041256,49.3105100255108,"North America",121.199996948242,252
1961,51.0999984741211,47.6167,-52.75,69,141,64.6434785041256,49.3105100255108,"North America",121.199996948242,252
1962,53.2999992370605,47.6167,-52.75,69,141,64.6434785041256,49.3105100255108,"North America",121.199996948242,252
1963,56.4000015258789,47.6167,-52.75,69,141,64.6434785041256,49.3105100255108,"North America",121.199996948242,252
1964,76.5,47.6167,-52.75,69,141,64.6434785041256,49.3105100255108,"North America",121.199996948242,252
1965,41.4000015258789,47.6167,-52.75,69,141,64.6434785041256,49.3105100255108,"North America",121.199996948242,252
1966,65.5,47.6167,-52.75,69,141,64.6434785041256,49.3105100255108,"North America",121.199996948242,252
1967,48.5,47.6167,-52.75,69,141,64.6434785041256,49.3105100255108,"North America",121.199996948242,252
1968,55.4000015258789,47.6167,-52.75,69,141,64.6434785041256,49.3105100255108,"North America",121.199996948242,252
1969,46.5,47.6167,-52.75,69,141,64.6434785041256,49.3105100255108,"North America",121.199996948242,252
1970,73.4000015258789,47.6167,-52.75,69,141,64.6434785041256,49.3105100255108,"North America",121.199996948242,252
1971,60.2000007629395,47.6167,-52.75,69,141,64.6434785041256,49.3105100255108,"North America",121.199996948242,252
1972,70.0999984741211,47.6167,-52.75,69,141,64.6434785041256,49.3105100255108,"North America",121.199996948242,252
1973,68.3000030517578,47.6167,-52.75,69,141,64.6434785041256,49.3105100255108,"North America",121.199996948242,252
1974,62.7000007629395,47.6167,-52.75,69,141,64.6434785041256,49.3105100255108,"North America",121.199996948242,252
1975,80.5,47.6167,-52.75,69,141,64.6434785041256,49.3105100255108,"North America",121.199996948242,252
1976,51.2999992370605,47.6167,-52.75,69,141,64.6434785041256,49.3105100255108,"North America",121.199996948242,252
1977,42.4000015258789,47.6167,-52.75,69,141,64.6434785041256,49.3105100255108,"North America",121.199996948242,252
1978,43,47.6167,-52.75,69,141,64.6434785041256,49.3105100255108,"North America",121.199996948242,252
1979,47.5999984741211,47.6167,-52.75,69,141,64.6434785041256,49.3105100255108,"North America",121.199996948242,252
1980,63,47.6167,-52.75,69,141,64.6434785041256,49.3105100255108,"North America",121.199996948242,252
1981,82.5999984741211,47.6167,-52.75,69,141,64.6434785041256,49.3105100255108,"North America",121.199996948242,252
1982,84,47.6167,-52.75,69,141,64.6434785041256,49.3105100255108,"North America",121.199996948242,252
1983,52.7999992370605,47.6167,-52.75,69,141,64.6434785041256,49.3105100255108,"North America",121.199996948242,252
1984,74.9000015258789,47.6167,-52.75,69,141,64.6434785041256,49.3105100255108,"North America",121.199996948242,252
1985,52.2000007629395,47.6167,-52.75,69,141,64.6434785041256,49.3105100255108,"North America",121.199996948242,252
1986,70.5999984741211,47.6167,-52.75,69,141,64.6434785041256,49.3105100255108,"North America",121.199996948242,252
1987,46.7999992370605,47.6167,-52.75,69,141,64.6434785041256,49.3105100255108,"North America",121.199996948242,252
1988,47.7999992370605,47.6167,-52.75,69,141,64.6434785041256,49.3105100255108,"North America",121.199996948242,252
1989,52,47.6167,-52.75,69,141,64.6434785041256,49.3105100255108,"North America",121.199996948242,252
1990,60.5999984741211,47.6167,-52.75,69,141,64.6434785041256,49.3105100255108,"North America",121.199996948242,252
1991,51.7999992370605,47.6167,-52.75,69,141,64.6434785041256,49.3105100255108,"North America",121.199996948242,252
1992,48.2000007629395,47.6167,-52.75,69,141,64.6434785041256,49.3105100255108,"North America",121.199996948242,252
1994,69.5,47.6167,-52.75,69,141,64.6434785041256,49.3105100255108,"North America",121.199996948242,252
1995,58.7000007629395,47.6167,-52.75,69,141,64.6434785041256,49.3105100255108,"North America",121.199996948242,252
1996,47.7000007629395,47.6167,-52.75,69,141,64.6434785041256,49.3105100255108,"North America",121.199996948242,252
1997,66.8000030517578,47.6167,-52.75,69,141,64.6434785041256,49.3105100255108,"North America",121.199996948242,252
1998,83.0999984741211,47.6167,-52.75,69,141,64.6434785041256,49.3105100255108,"North America",121.199996948242,252
1999,72.9000015258789,47.6167,-52.75,69,141,64.6434785041256,49.3105100255108,"North America",121.199996948242,252
2000,72,47.6167,-52.75,69,141,64.6434785041256,49.3105100255108,"North America",121.199996948242,252
2001,99.4000015258789,47.6167,-52.75,69,141,64.6434785041256,49.3105100255108,"North America",121.199996948242,252
2002,71.8000030517578,47.6167,-52.75,69,141,64.6434785041256,49.3105100255108,"North America",121.199996948242,252
2003,45.2000007629395,47.6167,-52.75,69,141,64.6434785041256,49.3105100255108,"North America",121.199996948242,252
2004,64.3000030517578,47.6167,-52.75,69,141,64.6434785041256,49.3105100255108,"North America",121.199996948242,252
2005,73.4000015258789,47.6167,-52.75,69,141,64.6434785041256,49.3105100255108,"North America",121.199996948242,252
2006,54,47.6167,-52.75,69,141,64.6434785041256,49.3105100255108,"North America",121.199996948242,252
2007,77.8000030517578,47.6167,-52.75,69,141,64.6434785041256,49.3105100255108,"North America",121.199996948242,252
2008,97.1999969482422,47.6167,-52.75,69,141,64.6434785041256,49.3105100255108,"North America",121.199996948242,252
2009,53.2000007629395,47.6167,-52.75,69,141,64.6434785041256,49.3105100255108,"North America",121.199996948242,252
2010,73,47.6167,-52.75,69,141,64.6434785041256,49.3105100255108,"North America",121.199996948242,252
2011,64.4000015258789,47.6167,-52.75,69,141,64.6434785041256,49.3105100255108,"North America",121.199996948242,252
1905,163.300003051758,42.45,-71.0833,67,52.1,75.5089549164274,49.3105100255108,"North America",252,252
1907,83.8000030517578,42.45,-71.0833,67,52.1,75.5089549164274,49.3105100255108,"North America",252,252
1908,53.5999984741211,42.45,-71.0833,67,52.1,75.5089549164274,49.3105100255108,"North America",252,252
1909,88.9000015258789,42.45,-71.0833,67,52.1,75.5089549164274,49.3105100255108,"North America",252,252
1910,44.2000007629395,42.45,-71.0833,67,52.1,75.5089549164274,49.3105100255108,"North America",252,252
1911,91.6999969482422,42.45,-71.0833,67,52.1,75.5089549164274,49.3105100255108,"North America",252,252
1912,49,42.45,-71.0833,67,52.1,75.5089549164274,49.3105100255108,"North America",252,252
1913,43.4000015258789,42.45,-71.0833,67,52.1,75.5089549164274,49.3105100255108,"North America",252,252
1916,42.9000015258789,42.45,-71.0833,67,52.1,75.5089549164274,49.3105100255108,"North America",252,252
1917,62.2000007629395,42.45,-71.0833,67,52.1,75.5089549164274,49.3105100255108,"North America",252,252
1918,63.7999992370605,42.45,-71.0833,67,52.1,75.5089549164274,49.3105100255108,"North America",252,252
1919,48,42.45,-71.0833,67,52.1,75.5089549164274,49.3105100255108,"North America",252,252
1920,62.5,42.45,-71.0833,67,52.1,75.5089549164274,49.3105100255108,"North America",252,252
1921,53.2999992370605,42.45,-71.0833,67,52.1,75.5089549164274,49.3105100255108,"North America",252,252
1922,78.1999969482422,42.45,-71.0833,67,52.1,75.5089549164274,49.3105100255108,"North America",252,252
1923,59.7000007629395,42.45,-71.0833,67,52.1,75.5089549164274,49.3105100255108,"North America",252,252
1924,110.699996948242,42.45,-71.0833,67,52.1,75.5089549164274,49.3105100255108,"North America",252,252
1925,45,42.45,-71.0833,67,52.1,75.5089549164274,49.3105100255108,"North America",252,252
1926,60.5,42.45,-71.0833,67,52.1,75.5089549164274,49.3105100255108,"North America",252,252
1927,47,42.45,-71.0833,67,52.1,75.5089549164274,49.3105100255108,"North America",252,252
1928,61,42.45,-71.0833,67,52.1,75.5089549164274,49.3105100255108,"North America",252,252
1929,73.1999969482422,42.45,-71.0833,67,52.1,75.5089549164274,49.3105100255108,"North America",252,252
1931,99.0999984741211,42.45,-71.0833,67,52.1,75.5089549164274,49.3105100255108,"North America",252,252
1932,106.199996948242,42.45,-71.0833,67,52.1,75.5089549164274,49.3105100255108,"North America",252,252
1933,76.1999969482422,42.45,-71.0833,67,52.1,75.5089549164274,49.3105100255108,"North America",252,252
1934,64.3000030517578,42.45,-71.0833,67,52.1,75.5089549164274,49.3105100255108,"North America",252,252
1935,75.6999969482422,42.45,-71.0833,67,52.1,75.5089549164274,49.3105100255108,"North America",252,252
1936,75.1999969482422,42.45,-71.0833,67,52.1,75.5089549164274,49.3105100255108,"North America",252,252
1937,84.3000030517578,42.45,-71.0833,67,52.1,75.5089549164274,49.3105100255108,"North America",252,252
1938,86.5999984741211,42.45,-71.0833,67,52.1,75.5089549164274,49.3105100255108,"North America",252,252
1939,63.7999992370605,42.45,-71.0833,67,52.1,75.5089549164274,49.3105100255108,"North America",252,252
1940,62.2000007629395,42.45,-71.0833,67,52.1,75.5089549164274,49.3105100255108,"North America",252,252
1941,63.5,42.45,-71.0833,67,52.1,75.5089549164274,49.3105100255108,"North America",252,252
1942,51.2999992370605,42.45,-71.0833,67,52.1,75.5089549164274,49.3105100255108,"North America",252,252
1943,57.9000015258789,42.45,-71.0833,67,52.1,75.5089549164274,49.3105100255108,"North America",252,252
1944,93.6999969482422,42.45,-71.0833,67,52.1,75.5089549164274,49.3105100255108,"North America",252,252
1945,82.5999984741211,42.45,-71.0833,67,52.1,75.5089549164274,49.3105100255108,"North America",252,252
1946,69.0999984741211,42.45,-71.0833,67,52.1,75.5089549164274,49.3105100255108,"North America",252,252
1947,103.900001525879,42.45,-71.0833,67,52.1,75.5089549164274,49.3105100255108,"North America",252,252
1948,49.5,42.45,-71.0833,67,52.1,75.5089549164274,49.3105100255108,"North America",252,252
1949,100.099998474121,42.45,-71.0833,67,52.1,75.5089549164274,49.3105100255108,"North America",252,252
1950,96.5,42.45,-71.0833,67,52.1,75.5089549164274,49.3105100255108,"North America",252,252
1951,58.9000015258789,42.45,-71.0833,67,52.1,75.5089549164274,49.3105100255108,"North America",252,252
1952,44.5,42.45,-71.0833,67,52.1,75.5089549164274,49.3105100255108,"North America",252,252
1953,72.9000015258789,42.45,-71.0833,67,52.1,75.5089549164274,49.3105100255108,"North America",252,252
1954,188,42.45,-71.0833,67,52.1,75.5089549164274,49.3105100255108,"North America",252,252
1955,252,42.45,-71.0833,67,52.1,75.5089549164274,49.3105100255108,"North America",252,252
1956,54.5999984741211,42.45,-71.0833,67,52.1,75.5089549164274,49.3105100255108,"North America",252,252
1957,53.5999984741211,42.45,-71.0833,67,52.1,75.5089549164274,49.3105100255108,"North America",252,252
1958,74.4000015258789,42.45,-71.0833,67,52.1,75.5089549164274,49.3105100255108,"North America",252,252
1959,54.9000015258789,42.45,-71.0833,67,52.1,75.5089549164274,49.3105100255108,"North America",252,252
1960,64.8000030517578,42.45,-71.0833,67,52.1,75.5089549164274,49.3105100255108,"North America",252,252
1961,64,42.45,-71.0833,67,52.1,75.5089549164274,49.3105100255108,"North America",252,252
1962,173.199996948242,42.45,-71.0833,67,52.1,75.5089549164274,49.3105100255108,"North America",252,252
1963,75.6999969482422,42.45,-71.0833,67,52.1,75.5089549164274,49.3105100255108,"North America",252,252
1964,52.7999992370605,42.45,-71.0833,67,52.1,75.5089549164274,49.3105100255108,"North America",252,252
1965,62.7000007629395,42.45,-71.0833,67,52.1,75.5089549164274,49.3105100255108,"North America",252,252
1966,57.7000007629395,42.45,-71.0833,67,52.1,75.5089549164274,49.3105100255108,"North America",252,252
1967,88.9000015258789,42.45,-71.0833,67,52.1,75.5089549164274,49.3105100255108,"North America",252,252
1968,55.9000015258789,42.45,-71.0833,67,52.1,75.5089549164274,49.3105100255108,"North America",252,252
1969,102.400001525879,42.45,-71.0833,67,52.1,75.5089549164274,49.3105100255108,"North America",252,252
1970,54.5999984741211,42.45,-71.0833,67,52.1,75.5089549164274,49.3105100255108,"North America",252,252
1971,53.2999992370605,42.45,-71.0833,67,52.1,75.5089549164274,49.3105100255108,"North America",252,252
1972,90.1999969482422,42.45,-71.0833,67,52.1,75.5089549164274,49.3105100255108,"North America",252,252
1974,53.5999984741211,42.45,-71.0833,67,52.1,75.5089549164274,49.3105100255108,"North America",252,252
1975,53.2999992370605,42.45,-71.0833,67,52.1,75.5089549164274,49.3105100255108,"North America",252,252
1976,54.5999984741211,42.45,-71.0833,67,52.1,75.5089549164274,49.3105100255108,"North America",252,252
1950,80,20.8939,-156.4103,65,27.4,69.0369233938364,49.3105100255108,"North America",149.100006103516,252
1951,149.100006103516,20.8939,-156.4103,65,27.4,69.0369233938364,49.3105100255108,"North America",149.100006103516,252
1952,110.5,20.8939,-156.4103,65,27.4,69.0369233938364,49.3105100255108,"North America",149.100006103516,252
1953,42.7000007629395,20.8939,-156.4103,65,27.4,69.0369233938364,49.3105100255108,"North America",149.100006103516,252
1954,49.5,20.8939,-156.4103,65,27.4,69.0369233938364,49.3105100255108,"North America",149.100006103516,252
1955,108.699996948242,20.8939,-156.4103,65,27.4,69.0369233938364,49.3105100255108,"North America",149.100006103516,252
1956,69.3000030517578,20.8939,-156.4103,65,27.4,69.0369233938364,49.3105100255108,"North America",149.100006103516,252
1957,48.5,20.8939,-156.4103,65,27.4,69.0369233938364,49.3105100255108,"North America",149.100006103516,252
1958,60.7000007629395,20.8939,-156.4103,65,27.4,69.0369233938364,49.3105100255108,"North America",149.100006103516,252
1959,104.599998474121,20.8939,-156.4103,65,27.4,69.0369233938364,49.3105100255108,"North America",149.100006103516,252
1960,42.9000015258789,20.8939,-156.4103,65,27.4,69.0369233938364,49.3105100255108,"North America",149.100006103516,252
1961,59.7000007629395,20.8939,-156.4103,65,27.4,69.0369233938364,49.3105100255108,"North America",149.100006103516,252
1962,58.2000007629395,20.8939,-156.4103,65,27.4,69.0369233938364,49.3105100255108,"North America",149.100006103516,252
1963,74.9000015258789,20.8939,-156.4103,65,27.4,69.0369233938364,49.3105100255108,"North America",149.100006103516,252
1964,34,20.8939,-156.4103,65,27.4,69.0369233938364,49.3105100255108,"North America",149.100006103516,252
1965,104.599998474121,20.8939,-156.4103,65,27.4,69.0369233938364,49.3105100255108,"North America",149.100006103516,252
1966,26.2000007629395,20.8939,-156.4103,65,27.4,69.0369233938364,49.3105100255108,"North America",149.100006103516,252
1967,101.099998474121,20.8939,-156.4103,65,27.4,69.0369233938364,49.3105100255108,"North America",149.100006103516,252
1968,113,20.8939,-156.4103,65,27.4,69.0369233938364,49.3105100255108,"North America",149.100006103516,252
1969,81.3000030517578,20.8939,-156.4103,65,27.4,69.0369233938364,49.3105100255108,"North America",149.100006103516,252
1970,68.5999984741211,20.8939,-156.4103,65,27.4,69.0369233938364,49.3105100255108,"North America",149.100006103516,252
1972,95.3000030517578,20.8939,-156.4103,65,27.4,69.0369233938364,49.3105100255108,"North America",149.100006103516,252
1973,37.5999984741211,20.8939,-156.4103,65,27.4,69.0369233938364,49.3105100255108,"North America",149.100006103516,252
1974,80,20.8939,-156.4103,65,27.4,69.0369233938364,49.3105100255108,"North America",149.100006103516,252
1975,48.2999992370605,20.8939,-156.4103,65,27.4,69.0369233938364,49.3105100255108,"North America",149.100006103516,252
1976,53.7999992370605,20.8939,-156.4103,65,27.4,69.0369233938364,49.3105100255108,"North America",149.100006103516,252
1977,24.1000003814697,20.8939,-156.4103,65,27.4,69.0369233938364,49.3105100255108,"North America",149.100006103516,252
1978,61.7000007629395,20.8939,-156.4103,65,27.4,69.0369233938364,49.3105100255108,"North America",149.100006103516,252
1979,107.699996948242,20.8939,-156.4103,65,27.4,69.0369233938364,49.3105100255108,"North America",149.100006103516,252
1980,136.100006103516,20.8939,-156.4103,65,27.4,69.0369233938364,49.3105100255108,"North America",149.100006103516,252
1981,48.2999992370605,20.8939,-156.4103,65,27.4,69.0369233938364,49.3105100255108,"North America",149.100006103516,252
1982,95.5,20.8939,-156.4103,65,27.4,69.0369233938364,49.3105100255108,"North America",149.100006103516,252
1983,99.0999984741211,20.8939,-156.4103,65,27.4,69.0369233938364,49.3105100255108,"North America",149.100006103516,252
1984,24.8999996185303,20.8939,-156.4103,65,27.4,69.0369233938364,49.3105100255108,"North America",149.100006103516,252
1985,73.6999969482422,20.8939,-156.4103,65,27.4,69.0369233938364,49.3105100255108,"North America",149.100006103516,252
1986,52.2999992370605,20.8939,-156.4103,65,27.4,69.0369233938364,49.3105100255108,"North America",149.100006103516,252
1987,87.9000015258789,20.8939,-156.4103,65,27.4,69.0369233938364,49.3105100255108,"North America",149.100006103516,252
1988,130.800003051758,20.8939,-156.4103,65,27.4,69.0369233938364,49.3105100255108,"North America",149.100006103516,252
1989,122.900001525879,20.8939,-156.4103,65,27.4,69.0369233938364,49.3105100255108,"North America",149.100006103516,252
1990,68.8000030517578,20.8939,-156.4103,65,27.4,69.0369233938364,49.3105100255108,"North America",149.100006103516,252
1991,79.8000030517578,20.8939,-156.4103,65,27.4,69.0369233938364,49.3105100255108,"North America",149.100006103516,252
1992,85.3000030517578,20.8939,-156.4103,65,27.4,69.0369233938364,49.3105100255108,"North America",149.100006103516,252
1993,29.7000007629395,20.8939,-156.4103,65,27.4,69.0369233938364,49.3105100255108,"North America",149.100006103516,252
1994,75.4000015258789,20.8939,-156.4103,65,27.4,69.0369233938364,49.3105100255108,"North America",149.100006103516,252
1995,58.2000007629395,20.8939,-156.4103,65,27.4,69.0369233938364,49.3105100255108,"North America",149.100006103516,252
1996,88.9000015258789,20.8939,-156.4103,65,27.4,69.0369233938364,49.3105100255108,"North America",149.100006103516,252
1997,70.4000015258789,20.8939,-156.4103,65,27.4,69.0369233938364,49.3105100255108,"North America",149.100006103516,252
1998,18,20.8939,-156.4103,65,27.4,69.0369233938364,49.3105100255108,"North America",149.100006103516,252
1999,42.7000007629395,20.8939,-156.4103,65,27.4,69.0369233938364,49.3105100255108,"North America",149.100006103516,252
2000,34.2999992370605,20.8939,-156.4103,65,27.4,69.0369233938364,49.3105100255108,"North America",149.100006103516,252
2001,50.7999992370605,20.8939,-156.4103,65,27.4,69.0369233938364,49.3105100255108,"North America",149.100006103516,252
2002,50.7999992370605,20.8939,-156.4103,65,27.4,69.0369233938364,49.3105100255108,"North America",149.100006103516,252
2003,76.1999969482422,20.8939,-156.4103,65,27.4,69.0369233938364,49.3105100255108,"North America",149.100006103516,252
2004,71.0999984741211,20.8939,-156.4103,65,27.4,69.0369233938364,49.3105100255108,"North America",149.100006103516,252
2005,50.7999992370605,20.8939,-156.4103,65,27.4,69.0369233938364,49.3105100255108,"North America",149.100006103516,252
2006,110.699996948242,20.8939,-156.4103,65,27.4,69.0369233938364,49.3105100255108,"North America",149.100006103516,252
2007,30.2000007629395,20.8939,-156.4103,65,27.4,69.0369233938364,49.3105100255108,"North America",149.100006103516,252
2008,62.5,20.8939,-156.4103,65,27.4,69.0369233938364,49.3105100255108,"North America",149.100006103516,252
2009,37.0999984741211,20.8939,-156.4103,65,27.4,69.0369233938364,49.3105100255108,"North America",149.100006103516,252
2010,47.2000007629395,20.8939,-156.4103,65,27.4,69.0369233938364,49.3105100255108,"North America",149.100006103516,252
2011,70.9000015258789,20.8939,-156.4103,65,27.4,69.0369233938364,49.3105100255108,"North America",149.100006103516,252
2012,43.2000007629395,20.8939,-156.4103,65,27.4,69.0369233938364,49.3105100255108,"North America",149.100006103516,252
2013,63.5,20.8939,-156.4103,65,27.4,69.0369233938364,49.3105100255108,"North America",149.100006103516,252
2014,53.2999992370605,20.8939,-156.4103,65,27.4,69.0369233938364,49.3105100255108,"North America",149.100006103516,252
2015,49.5,20.8939,-156.4103,65,27.4,69.0369233938364,49.3105100255108,"North America",149.100006103516,252
1943,20.7999992370605,60.7167,-135.0667,66,706,17.6969696391713,49.3105100255108,"North America",44.9000015258789,252
1944,19.6000003814697,60.7167,-135.0667,66,706,17.6969696391713,49.3105100255108,"North America",44.9000015258789,252
1945,12.3999996185303,60.7167,-135.0667,66,706,17.6969696391713,49.3105100255108,"North America",44.9000015258789,252
1946,17.7999992370605,60.7167,-135.0667,66,706,17.6969696391713,49.3105100255108,"North America",44.9000015258789,252
1947,10.1999998092651,60.7167,-135.0667,66,706,17.6969696391713,49.3105100255108,"North America",44.9000015258789,252
1948,30.7000007629395,60.7167,-135.0667,66,706,17.6969696391713,49.3105100255108,"North America",44.9000015258789,252
1949,17,60.7167,-135.0667,66,706,17.6969696391713,49.3105100255108,"North America",44.9000015258789,252
1950,13.5,60.7167,-135.0667,66,706,17.6969696391713,49.3105100255108,"North America",44.9000015258789,252
1951,12.3999996185303,60.7167,-135.0667,66,706,17.6969696391713,49.3105100255108,"North America",44.9000015258789,252
1952,14.1999998092651,60.7167,-135.0667,66,706,17.6969696391713,49.3105100255108,"North America",44.9000015258789,252
1953,20.6000003814697,60.7167,-135.0667,66,706,17.6969696391713,49.3105100255108,"North America",44.9000015258789,252
1954,10.3999996185303,60.7167,-135.0667,66,706,17.6969696391713,49.3105100255108,"North America",44.9000015258789,252
1955,11.3999996185303,60.7167,-135.0667,66,706,17.6969696391713,49.3105100255108,"North America",44.9000015258789,252
1956,21.6000003814697,60.7167,-135.0667,66,706,17.6969696391713,49.3105100255108,"North America",44.9000015258789,252
1957,14,60.7167,-135.0667,66,706,17.6969696391713,49.3105100255108,"North America",44.9000015258789,252
1958,10.8999996185303,60.7167,-135.0667,66,706,17.6969696391713,49.3105100255108,"North America",44.9000015258789,252
1959,14.1999998092651,60.7167,-135.0667,66,706,17.6969696391713,49.3105100255108,"North America",44.9000015258789,252
1960,9.10000038146973,60.7167,-135.0667,66,706,17.6969696391713,49.3105100255108,"North America",44.9000015258789,252
1961,30.2000007629395,60.7167,-135.0667,66,706,17.6969696391713,49.3105100255108,"North America",44.9000015258789,252
1962,15,60.7167,-135.0667,66,706,17.6969696391713,49.3105100255108,"North America",44.9000015258789,252
1963,15.5,60.7167,-135.0667,66,706,17.6969696391713,49.3105100255108,"North America",44.9000015258789,252
1964,21.2999992370605,60.7167,-135.0667,66,706,17.6969696391713,49.3105100255108,"North America",44.9000015258789,252
1965,11.3999996185303,60.7167,-135.0667,66,706,17.6969696391713,49.3105100255108,"North America",44.9000015258789,252
1966,12.6999998092651,60.7167,-135.0667,66,706,17.6969696391713,49.3105100255108,"North America",44.9000015258789,252
1967,17.7999992370605,60.7167,-135.0667,66,706,17.6969696391713,49.3105100255108,"North America",44.9000015258789,252
1968,17.5,60.7167,-135.0667,66,706,17.6969696391713,49.3105100255108,"North America",44.9000015258789,252
1969,19.2999992370605,60.7167,-135.0667,66,706,17.6969696391713,49.3105100255108,"North America",44.9000015258789,252
1970,23.6000003814697,60.7167,-135.0667,66,706,17.6969696391713,49.3105100255108,"North America",44.9000015258789,252
1971,24.1000003814697,60.7167,-135.0667,66,706,17.6969696391713,49.3105100255108,"North America",44.9000015258789,252
1972,18.2999992370605,60.7167,-135.0667,66,706,17.6969696391713,49.3105100255108,"North America",44.9000015258789,252
1973,10.8999996185303,60.7167,-135.0667,66,706,17.6969696391713,49.3105100255108,"North America",44.9000015258789,252
1974,28.3999996185303,60.7167,-135.0667,66,706,17.6969696391713,49.3105100255108,"North America",44.9000015258789,252
1975,16.2999992370605,60.7167,-135.0667,66,706,17.6969696391713,49.3105100255108,"North America",44.9000015258789,252
1976,14.1999998092651,60.7167,-135.0667,66,706,17.6969696391713,49.3105100255108,"North America",44.9000015258789,252
1977,16,60.7167,-135.0667,66,706,17.6969696391713,49.3105100255108,"North America",44.9000015258789,252
1978,10.6000003814697,60.7167,-135.0667,66,706,17.6969696391713,49.3105100255108,"North America",44.9000015258789,252
1979,17.3999996185303,60.7167,-135.0667,66,706,17.6969696391713,49.3105100255108,"North America",44.9000015258789,252
1980,18.7000007629395,60.7167,-135.0667,66,706,17.6969696391713,49.3105100255108,"North America",44.9000015258789,252
1981,9.80000019073486,60.7167,-135.0667,66,706,17.6969696391713,49.3105100255108,"North America",44.9000015258789,252
1982,10.8000001907349,60.7167,-135.0667,66,706,17.6969696391713,49.3105100255108,"North America",44.9000015258789,252
1983,24.6000003814697,60.7167,-135.0667,66,706,17.6969696391713,49.3105100255108,"North America",44.9000015258789,252
1984,21.2000007629395,60.7167,-135.0667,66,706,17.6969696391713,49.3105100255108,"North America",44.9000015258789,252
1985,44.9000015258789,60.7167,-135.0667,66,706,17.6969696391713,49.3105100255108,"North America",44.9000015258789,252
1986,25.2000007629395,60.7167,-135.0667,66,706,17.6969696391713,49.3105100255108,"North America",44.9000015258789,252
1987,15.1999998092651,60.7167,-135.0667,66,706,17.6969696391713,49.3105100255108,"North America",44.9000015258789,252
1988,14.6000003814697,60.7167,-135.0667,66,706,17.6969696391713,49.3105100255108,"North America",44.9000015258789,252
1989,10.1999998092651,60.7167,-135.0667,66,706,17.6969696391713,49.3105100255108,"North America",44.9000015258789,252
1990,14.3999996185303,60.7167,-135.0667,66,706,17.6969696391713,49.3105100255108,"North America",44.9000015258789,252
1991,23.2000007629395,60.7167,-135.0667,66,706,17.6969696391713,49.3105100255108,"North America",44.9000015258789,252
1992,14.6999998092651,60.7167,-135.0667,66,706,17.6969696391713,49.3105100255108,"North America",44.9000015258789,252
1994,15.1999998092651,60.7167,-135.0667,66,706,17.6969696391713,49.3105100255108,"North America",44.9000015258789,252
1995,13.1999998092651,60.7167,-135.0667,66,706,17.6969696391713,49.3105100255108,"North America",44.9000015258789,252
1998,12,60.7167,-135.0667,66,706,17.6969696391713,49.3105100255108,"North America",44.9000015258789,252
1999,15,60.7167,-135.0667,66,706,17.6969696391713,49.3105100255108,"North America",44.9000015258789,252
2000,25.2000007629395,60.7167,-135.0667,66,706,17.6969696391713,49.3105100255108,"North America",44.9000015258789,252
2001,23.8999996185303,60.7167,-135.0667,66,706,17.6969696391713,49.3105100255108,"North America",44.9000015258789,252
2002,13.5,60.7167,-135.0667,66,706,17.6969696391713,49.3105100255108,"North America",44.9000015258789,252
2003,15.3999996185303,60.7167,-135.0667,66,706,17.6969696391713,49.3105100255108,"North America",44.9000015258789,252
2004,16.7999992370605,60.7167,-135.0667,66,706,17.6969696391713,49.3105100255108,"North America",44.9000015258789,252
2005,26.7999992370605,60.7167,-135.0667,66,706,17.6969696391713,49.3105100255108,"North America",44.9000015258789,252
2006,23.3999996185303,60.7167,-135.0667,66,706,17.6969696391713,49.3105100255108,"North America",44.9000015258789,252
2007,18.7999992370605,60.7167,-135.0667,66,706,17.6969696391713,49.3105100255108,"North America",44.9000015258789,252
2008,12.6000003814697,60.7167,-135.0667,66,706,17.6969696391713,49.3105100255108,"North America",44.9000015258789,252
2009,17.6000003814697,60.7167,-135.0667,66,706,17.6969696391713,49.3105100255108,"North America",44.9000015258789,252
2010,28.7999992370605,60.7167,-135.0667,66,706,17.6969696391713,49.3105100255108,"North America",44.9000015258789,252
2011,21,60.7167,-135.0667,66,706,17.6969696391713,49.3105100255108,"North America",44.9000015258789,252
1955,24.3999996185303,32.8356,-114.3942,62,98.8,24.8193546610494,49.3105100255108,"North America",76.6999969482422,252
1956,3.29999995231628,32.8356,-114.3942,62,98.8,24.8193546610494,49.3105100255108,"North America",76.6999969482422,252
1957,24.8999996185303,32.8356,-114.3942,62,98.8,24.8193546610494,49.3105100255108,"North America",76.6999969482422,252
1958,34.5,32.8356,-114.3942,62,98.8,24.8193546610494,49.3105100255108,"North America",76.6999969482422,252
1959,19.1000003814697,32.8356,-114.3942,62,98.8,24.8193546610494,49.3105100255108,"North America",76.6999969482422,252
1960,20.1000003814697,32.8356,-114.3942,62,98.8,24.8193546610494,49.3105100255108,"North America",76.6999969482422,252
1961,22.8999996185303,32.8356,-114.3942,62,98.8,24.8193546610494,49.3105100255108,"North America",76.6999969482422,252
1962,18.2999992370605,32.8356,-114.3942,62,98.8,24.8193546610494,49.3105100255108,"North America",76.6999969482422,252
1963,49.5,32.8356,-114.3942,62,98.8,24.8193546610494,49.3105100255108,"North America",76.6999969482422,252
1964,5.59999990463257,32.8356,-114.3942,62,98.8,24.8193546610494,49.3105100255108,"North America",76.6999969482422,252
1965,37.0999984741211,32.8356,-114.3942,62,98.8,24.8193546610494,49.3105100255108,"North America",76.6999969482422,252
1966,39.4000015258789,32.8356,-114.3942,62,98.8,24.8193546610494,49.3105100255108,"North America",76.6999969482422,252
1967,34.7999992370605,32.8356,-114.3942,62,98.8,24.8193546610494,49.3105100255108,"North America",76.6999969482422,252
1968,11.1999998092651,32.8356,-114.3942,62,98.8,24.8193546610494,49.3105100255108,"North America",76.6999969482422,252
1969,24.1000003814697,32.8356,-114.3942,62,98.8,24.8193546610494,49.3105100255108,"North America",76.6999969482422,252
1970,24.3999996185303,32.8356,-114.3942,62,98.8,24.8193546610494,49.3105100255108,"North America",76.6999969482422,252
1971,35.7999992370605,32.8356,-114.3942,62,98.8,24.8193546610494,49.3105100255108,"North America",76.6999969482422,252
1972,76.6999969482422,32.8356,-114.3942,62,98.8,24.8193546610494,49.3105100255108,"North America",76.6999969482422,252
1973,22.1000003814697,32.8356,-114.3942,62,98.8,24.8193546610494,49.3105100255108,"North America",76.6999969482422,252
1974,8.10000038146973,32.8356,-114.3942,62,98.8,24.8193546610494,49.3105100255108,"North America",76.6999969482422,252
1975,19.1000003814697,32.8356,-114.3942,62,98.8,24.8193546610494,49.3105100255108,"North America",76.6999969482422,252
1976,15.6999998092651,32.8356,-114.3942,62,98.8,24.8193546610494,49.3105100255108,"North America",76.6999969482422,252
1977,14.6999998092651,32.8356,-114.3942,62,98.8,24.8193546610494,49.3105100255108,"North America",76.6999969482422,252
1978,21.1000003814697,32.8356,-114.3942,62,98.8,24.8193546610494,49.3105100255108,"North America",76.6999969482422,252
1980,5.59999990463257,32.8356,-114.3942,62,98.8,24.8193546610494,49.3105100255108,"North America",76.6999969482422,252
1981,18.2999992370605,32.8356,-114.3942,62,98.8,24.8193546610494,49.3105100255108,"North America",76.6999969482422,252
1982,22.1000003814697,32.8356,-114.3942,62,98.8,24.8193546610494,49.3105100255108,"North America",76.6999969482422,252
1983,33.5,32.8356,-114.3942,62,98.8,24.8193546610494,49.3105100255108,"North America",76.6999969482422,252
1984,44.5,32.8356,-114.3942,62,98.8,24.8193546610494,49.3105100255108,"North America",76.6999969482422,252
1985,31,32.8356,-114.3942,62,98.8,24.8193546610494,49.3105100255108,"North America",76.6999969482422,252
1986,21.7999992370605,32.8356,-114.3942,62,98.8,24.8193546610494,49.3105100255108,"North America",76.6999969482422,252
1987,22.6000003814697,32.8356,-114.3942,62,98.8,24.8193546610494,49.3105100255108,"North America",76.6999969482422,252
1988,19.7999992370605,32.8356,-114.3942,62,98.8,24.8193546610494,49.3105100255108,"North America",76.6999969482422,252
1989,61,32.8356,-114.3942,62,98.8,24.8193546610494,49.3105100255108,"North America",76.6999969482422,252
1990,21.2999992370605,32.8356,-114.3942,62,98.8,24.8193546610494,49.3105100255108,"North America",76.6999969482422,252
1991,35.0999984741211,32.8356,-114.3942,62,98.8,24.8193546610494,49.3105100255108,"North America",76.6999969482422,252
1992,43.7000007629395,32.8356,-114.3942,62,98.8,24.8193546610494,49.3105100255108,"North America",76.6999969482422,252
1993,20.6000003814697,32.8356,-114.3942,62,98.8,24.8193546610494,49.3105100255108,"North America",76.6999969482422,252
1994,15.5,32.8356,-114.3942,62,98.8,24.8193546610494,49.3105100255108,"North America",76.6999969482422,252
1995,8.89999961853027,32.8356,-114.3942,62,98.8,24.8193546610494,49.3105100255108,"North America",76.6999969482422,252
1996,7.59999990463257,32.8356,-114.3942,62,98.8,24.8193546610494,49.3105100255108,"North America",76.6999969482422,252
1997,26.2000007629395,32.8356,-114.3942,62,98.8,24.8193546610494,49.3105100255108,"North America",76.6999969482422,252
1998,17,32.8356,-114.3942,62,98.8,24.8193546610494,49.3105100255108,"North America",76.6999969482422,252
1999,14.5,32.8356,-114.3942,62,98.8,24.8193546610494,49.3105100255108,"North America",76.6999969482422,252
2000,15.6999998092651,32.8356,-114.3942,62,98.8,24.8193546610494,49.3105100255108,"North America",76.6999969482422,252
2001,29.7000007629395,32.8356,-114.3942,62,98.8,24.8193546610494,49.3105100255108,"North America",76.6999969482422,252
2002,2,32.8356,-114.3942,62,98.8,24.8193546610494,49.3105100255108,"North America",76.6999969482422,252
2003,21.1000003814697,32.8356,-114.3942,62,98.8,24.8193546610494,49.3105100255108,"North America",76.6999969482422,252
2004,34.7999992370605,32.8356,-114.3942,62,98.8,24.8193546610494,49.3105100255108,"North America",76.6999969482422,252
2005,25.3999996185303,32.8356,-114.3942,62,98.8,24.8193546610494,49.3105100255108,"North America",76.6999969482422,252
2006,17.7999992370605,32.8356,-114.3942,62,98.8,24.8193546610494,49.3105100255108,"North America",76.6999969482422,252
2007,16,32.8356,-114.3942,62,98.8,24.8193546610494,49.3105100255108,"North America",76.6999969482422,252
2010,60.2000007629395,32.8356,-114.3942,62,98.8,24.8193546610494,49.3105100255108,"North America",76.6999969482422,252
2011,11.1999998092651,32.8356,-114.3942,62,98.8,24.8193546610494,49.3105100255108,"North America",76.6999969482422,252
2012,16,32.8356,-114.3942,62,98.8,24.8193546610494,49.3105100255108,"North America",76.6999969482422,252
2013,35.5999984741211,32.8356,-114.3942,62,98.8,24.8193546610494,49.3105100255108,"North America",76.6999969482422,252
2014,51.7999992370605,32.8356,-114.3942,62,98.8,24.8193546610494,49.3105100255108,"North America",76.6999969482422,252
2015,18,32.8356,-114.3942,62,98.8,24.8193546610494,49.3105100255108,"North America",76.6999969482422,252
2016,9.69999980926514,32.8356,-114.3942,62,98.8,24.8193546610494,49.3105100255108,"North America",76.6999969482422,252
2017,20.6000003814697,32.8356,-114.3942,62,98.8,24.8193546610494,49.3105100255108,"North America",76.6999969482422,252
2018,22.8999996185303,32.8356,-114.3942,62,98.8,24.8193546610494,49.3105100255108,"North America",76.6999969482422,252
2019,32.7999992370605,32.8356,-114.3942,62,98.8,24.8193546610494,49.3105100255108,"North America",76.6999969482422,252
